geo,country,year,size_emp,target_workflow_automation,target_any_ai,security_concern_index,deployment_readiness_index,data_maturity_index,digital_foundation_index,market_digitization_index,ict_capability_index,ict_constraint_index,governance_maturity_proxy,persona_cluster
AL,Albania,2025,10-249,1.0950000000000002,8.685,,20.016111111111112,54.74,,35.00833333333333,,,19.851666666666667,0
AL,Albania,2025,10-49,1.065,7.925000000000001,,18.69388888888889,55.03,,36.27041666666667,,,19.35,0
AL,Albania,2025,50-249,1.24,12.705,,26.74388888888889,53.23333333333333,,29.554166666666664,,,22.498333333333335,0
AT,Austria,2021,10-249,2.26,8.18,11.696428571428573,32.746,,30.533333333333335,36.79166666666667,,,17.233333333333334,0
AT,Austria,2021,10-49,1.8050000000000002,7.17,11.40857142857143,31.333333333333332,,28.436666666666667,36.24166666666667,,,16.418333333333333,0
AT,Austria,2021,50-249,5.165,14.575,13.433571428571428,41.40200000000001,,43.913333333333334,40.52966666666667,,,21.331666666666667,2
AT,Austria,2023,10-249,3.085,10.105,13.529285714285717,28.024047619047618,28.991111111111113,27.46666666666667,35.403999999999996,,,23.173333333333336,0
AT,Austria,2023,10-49,2.565,8.989999999999998,13.352500000000003,26.312142857142863,27.462222222222223,25.12,34.760333333333335,,,21.811666666666664,0
AT,Austria,2023,50-249,6.25,16.91,14.904642857142857,38.030952380952385,38.157777777777774,41.916666666666664,39.63733333333333,,,30.178333333333335,2
AT,Austria,2024,10-249,4.395,19.4,15.650714285714287,,,35.56333333333333,38.79833333333333,12.885000000000002,26.961000000000002,7.536666666666666,2
AT,Austria,2024,10-49,3.6900000000000004,17.869999999999997,15.05285714285714,,,33.083333333333336,38.247,10.055,25.391,6.69,2
AT,Austria,2024,50-249,8.86,29.105,19.508214285714285,,,51.330000000000005,42.42033333333333,30.8825,32.36,11.673333333333334,4
AT,Austria,2025,10-249,5.8100000000000005,28.775,16.25714285714286,33.5447619047619,29.364444444444448,36.14666666666667,38.11233333333333,,,23.36333333333333,2
AT,Austria,2025,10-49,5.12,26.23,16.070714285714285,31.33857142857142,27.363333333333333,33.946666666666665,37.69633333333333,,,21.413333333333334,2
AT,Austria,2025,50-249,10.09,44.56,17.798928571428572,46.68714285714286,41.25555555555556,49.833333333333336,40.952666666666666,,,33.805,3
BA,Bosnia and Herzegovina,2021,10-249,0.635,1.935,,20.372666666666667,,13.323333333333332,32.03033333333333,,,22.546666666666667,0
BA,Bosnia and Herzegovina,2021,50-249,1.07,1.93,,22.68133333333333,,19.946666666666665,35.04266666666667,,,21.756666666666664,0
BA,Bosnia and Herzegovina,2023,10-249,3.21,5.18,,26.323,35.59666666666667,27.11,34.77166666666666,,,29.53,0
BA,Bosnia and Herzegovina,2023,10-49,3.66,5.47,,24.304,34.16166666666667,24.73,33.797333333333334,,,27.366666666666664,0
BA,Bosnia and Herzegovina,2023,50-249,1.31,3.96,,24.639285714285712,41.72833333333333,25.616666666666664,38.81466666666667,,,20.84166666666667,0
BA,Bosnia and Herzegovina,2024,10-249,4.18,6.125,,,,22.810000000000002,35.562,11.32,27.310000000000002,,0
BA,Bosnia and Herzegovina,2024,10-49,4.62,6.45,,,,20.87333333333333,34.855666666666664,9.3025,26.645000000000003,,0
BA,Bosnia and Herzegovina,2024,50-249,2.33,4.78,,,,30.866666666666664,38.49666666666666,19.6975,29.3,11.246666666666668,0
BA,Bosnia and Herzegovina,2025,10-249,2.38,10.48,,21.634523809523813,34.251111111111115,28.62666666666667,35.43033333333334,,,15.315,0
BA,Bosnia and Herzegovina,2025,50-249,2.3,10.63,,27.546190476190475,41.89111111111111,35.35666666666666,39.118,,,32.94,2
BE,Belgium,2021,10-249,2.54,9.3,12.024285714285712,45.388666666666666,,30.696666666666662,37.345333333333336,,,28.85,2
BE,Belgium,2021,10-49,1.99,8.0,11.754285714285714,43.919333333333334,,28.976666666666663,36.707333333333324,,,28.293333333333333,2
BE,Belgium,2021,50-249,5.76,16.89,14.002142857142855,53.95066666666666,,40.74,41.42,,,32.193333333333335,1
BE,Belgium,2023,10-249,4.22,12.53,11.3125,36.76761904761905,42.544444444444444,38.443333333333335,37.52933333333333,,,29.2,1
BE,Belgium,2023,10-49,3.27,10.61,10.974285714285713,34.77095238095239,39.397777777777776,36.35,36.578,,,27.394999999999996,2
BE,Belgium,2023,50-249,9.39,22.99,12.992500000000001,47.49761904761905,59.22555555555555,49.84333333333333,42.75933333333334,,,36.76166666666667,1
BE,Belgium,2024,10-249,9.12,23.09,12.718571428571428,,,43.68333333333334,38.268,24.01,25.162,17.241666666666667,2
BE,Belgium,2024,10-49,7.66,20.7,12.61535714285714,,,41.23,37.094,19.345,23.641000000000002,14.566666666666665,2
BE,Belgium,2024,50-249,16.87,35.71,13.72535714285714,,,56.666666666666664,44.577333333333335,48.6725,30.752999999999997,26.125,4
BE,Belgium,2025,10-249,9.56,32.97,15.770714285714288,46.256666666666675,47.89555555555555,46.53666666666666,38.282,,,33.985,3
BE,Belgium,2025,10-49,7.34,28.82,15.59107142857143,42.892380952380954,44.08888888888888,44.576666666666675,37.65266666666666,,,30.811666666666664,1
BE,Belgium,2025,50-249,21.08,54.49,17.305357142857144,63.271904761904764,66.97666666666667,56.69,41.763333333333335,,,47.873333333333335,3
BG,Bulgaria,2021,10-249,1.685,3.07,10.786785714285713,19.84433333333333,,11.083333333333334,26.973000000000003,,,11.65,0
BG,Bulgaria,2021,10-49,1.415,2.665,10.546071428571427,18.691333333333336,,9.833333333333334,26.846333333333327,,,10.73,0
BG,Bulgaria,2021,50-249,3.12,5.205,12.133928571428571,25.442000000000004,,17.816666666666666,28.045000000000005,,,15.018333333333334,0
BG,Bulgaria,2023,10-249,1.7349999999999999,3.4299999999999997,11.719999999999999,17.609761904761907,29.335000000000004,12.503333333333332,29.141999999999996,,,14.765000000000002,0
BG,Bulgaria,2023,10-49,1.505,3.0300000000000002,11.336785714285714,16.524761904761906,27.37111111111111,11.053333333333335,28.850666666666665,,,13.31,0
BG,Bulgaria,2023,50-249,2.9800000000000004,5.550000000000001,13.408571428571426,22.78,38.82666666666667,20.296666666666667,30.871999999999996,,,20.14333333333333,0
BG,Bulgaria,2024,10-249,2.74,6.25,12.235,,,22.13,29.589666666666666,6.9399999999999995,18.255000000000003,13.51,0
BG,Bulgaria,2024,10-49,2.3200000000000003,5.575,12.128928571428572,,,20.216666666666665,29.389333333333333,5.6375,17.324,4.223333333333334,0
BG,Bulgaria,2024,50-249,5.085,10.025,12.892142857142858,,,33.02333333333333,30.982333333333333,14.38,21.461,18.14666666666667,0
BG,Bulgaria,2025,10-249,3.55,8.274999999999999,14.364642857142858,19.486428571428572,33.36055555555556,16.999999999999996,25.551388888888884,,,14.675000000000002,0
BG,Bulgaria,2025,10-49,3.13,7.335,14.564999999999998,18.442619047619047,31.478333333333335,15.36,25.41416666666667,,,13.761666666666667,0
BG,Bulgaria,2025,50-249,5.789999999999999,13.345,13.571428571428571,25.200952380952376,43.07944444444445,26.05666666666667,26.406666666666663,,,18.681666666666665,0
CY,Cyprus,2021,10-249,0.795,2.395,13.492857142857144,41.86333333333333,,30.363333333333333,32.74133333333333,,,32.58333333333333,0
CY,Cyprus,2021,10-49,0.53,1.9649999999999999,13.041785714285714,40.803,,28.53666666666666,31.151333333333334,,,30.843333333333334,0
CY,Cyprus,2021,50-249,2.605,5.325,15.75964285714286,49.0,,42.916666666666664,42.73433333333334,,,40.055,1
CY,Cyprus,2023,10-249,1.2850000000000001,4.470000000000001,15.695357142857144,32.56809523809523,37.22222222222222,32.32666666666667,35.364333333333335,,,33.34833333333333,2
CY,Cyprus,2023,10-49,1.045,3.77,15.083928571428572,31.224761904761902,34.80222222222222,30.326666666666664,33.96066666666666,,,32.02166666666667,0
CY,Cyprus,2023,50-249,2.98,9.43,19.011785714285715,41.854285714285716,53.00666666666666,46.526666666666664,44.58533333333333,,,41.16166666666666,1
CY,Cyprus,2024,10-249,1.7349999999999999,7.335,14.986785714285714,,,37.166666666666664,36.037333333333336,20.105,22.527,18.386666666666667,2
CY,Cyprus,2024,10-49,1.41,6.324999999999999,14.887857142857142,,,35.03333333333333,34.702,17.4075,21.183,17.371666666666666,0
CY,Cyprus,2024,50-249,3.9450000000000003,14.28,16.125714285714285,,,51.843333333333334,44.792,38.645,28.147000000000002,22.313333333333333,4
CY,Cyprus,2025,10-249,2.6950000000000003,8.735,15.116071428571429,37.23452380952381,43.955000000000005,37.04666666666667,30.83666666666667,,,34.986666666666665,2
CY,Cyprus,2025,10-49,2.32,7.734999999999999,14.797500000000001,35.56285714285715,41.50666666666667,35.126666666666665,29.502777777777784,,,33.44833333333334,2
CY,Cyprus,2025,50-249,5.18,15.325,17.210714285714285,48.03690476190477,59.41111111111112,49.806666666666665,39.17055555555556,,,43.82333333333333,1
CZ,Czechia,2021,10-249,1.02,3.7,,41.71033333333334,,23.856666666666666,34.32233333333333,,,31.270000000000007,0
CZ,Czechia,2021,10-49,0.745,2.8200000000000003,,41.839,,22.16333333333333,33.96033333333334,,,30.836666666666666,0
CZ,Czechia,2021,50-249,2.2350000000000003,7.67,,41.25833333333333,,31.596666666666664,36.160333333333334,,,31.068333333333328,2
CZ,Czechia,2023,10-249,1.455,5.07,,26.450714285714287,29.833333333333332,22.86333333333333,34.52033333333334,,,21.711666666666666,0
CZ,Czechia,2023,10-49,0.9450000000000001,4.075,,25.530714285714286,28.305555555555554,20.73,34.01233333333333,,,20.253333333333334,0
CZ,Czechia,2023,50-249,3.89,9.829999999999998,,31.000476190476196,38.15833333333334,33.17666666666667,37.346333333333334,,,25.931666666666665,2
CZ,Czechia,2024,10-249,2.315,10.26,,,,34.473333333333336,35.264333333333326,15.8425,30.281,9.4,0
CZ,Czechia,2024,10-49,1.885,8.875,,,,31.720000000000002,35.132999999999996,12.569999999999999,29.839999999999996,7.510000000000001,0
CZ,Czechia,2024,50-249,4.425,17.045,,,,48.059999999999995,36.52166666666666,32.0025,32.535,15.326666666666666,4
CZ,Czechia,2025,10-249,3.415,16.38,,32.083333333333336,45.178888888888885,36.553333333333335,35.899,,,22.803333333333335,2
CZ,Czechia,2025,10-49,2.6900000000000004,13.635000000000002,,29.740952380952375,41.394444444444446,33.846666666666664,35.62133333333334,,,20.351666666666667,2
CZ,Czechia,2025,50-249,6.73,28.96,,42.46214285714286,62.26500000000001,49.12333333333333,37.81166666666666,,,31.675,1
DE,Germany,2021,10-249,3.175,9.915,,33.455999999999996,,27.606666666666666,34.174,,,18.134999999999998,0
DE,Germany,2021,10-49,2.8499999999999996,8.945,,32.15233333333333,,25.399999999999995,33.85033333333333,,,17.155,0
DE,Germany,2021,50-249,4.82,14.825,,39.881,,38.82,36.162333333333336,,,22.188333333333333,2
DE,Germany,2023,10-249,3.2350000000000003,10.77,,28.778095238095236,34.58666666666666,29.040000000000003,32.87433333333333,,,33.47,0
DE,Germany,2023,10-49,2.8049999999999997,9.7,,27.266428571428573,31.12555555555556,26.596666666666664,32.346999999999994,,,32.086666666666666,0
DE,Germany,2023,50-249,5.39,16.21,6.5475,36.27333333333333,50.74611111111111,41.519999999999996,35.817,,,26.854999999999997,1
DE,Germany,2024,10-249,4.66,18.825000000000003,,,,39.93333333333334,33.76166666666667,17.322499999999998,,8.286666666666667,2
DE,Germany,2024,10-49,3.7699999999999996,16.965000000000003,,,,37.32,33.389,13.459999999999999,,6.726666666666667,2
DE,Germany,2024,50-249,9.17,28.275,19.777142857142856,,,53.21,35.94833333333333,36.95,35.765,14.159999999999998,4
DE,Germany,2025,10-249,6.49,24.965,18.076428571428572,35.35904761904762,34.70222222222222,36.806666666666665,34.022000000000006,,,24.645000000000003,2
DE,Germany,2025,10-49,6.05,23.095,17.724285714285713,33.7495238095238,31.686666666666667,34.71333333333333,33.492666666666665,,,23.346666666666664,2
DE,Germany,2025,50-249,8.995000000000001,35.57,20.430714285714284,44.29619047619048,50.58277777777778,48.69,37.215999999999994,,,31.16,3
DK,Denmark,2021,10-249,15.725000000000001,22.615000000000002,12.0555,59.43466666666667,,40.446666666666665,41.221333333333334,,,37.074999999999996,1
DK,Denmark,2021,10-49,13.175,19.744999999999997,11.861500000000001,58.112,,38.20666666666667,40.471,,,35.85,1
DK,Denmark,2021,50-249,28.7,37.25,13.5425,66.226,,51.86333333333334,45.22,,,42.324999999999996,3
DK,Denmark,2023,10-249,6.55,14.08,,48.368095238095236,46.52888888888889,37.42666666666667,39.858000000000004,,,38.50833333333333,1
DK,Denmark,2023,10-49,5.55,12.37,,46.56380952380953,43.01444444444444,35.15,39.15533333333333,,,37.1,1
DK,Denmark,2023,50-249,11.47,22.56,,57.14952380952382,63.42666666666667,48.69,43.486666666666665,,,44.64833333333333,3
DK,Denmark,2024,10-249,10.03,26.43,16.742857142857144,,,49.46666666666666,41.06066666666667,23.875,20.895000000000003,15.735,2
DK,Denmark,2024,10-49,8.54,23.52,16.57,,,47.37,40.57266666666667,19.9425,18.869,13.061666666666667,2
DK,Denmark,2024,50-249,17.44,40.92,18.08785714285714,,,59.913333333333334,43.61933333333334,43.4575,26.943,22.134999999999998,4
DK,Denmark,2025,10-249,14.32,40.99,16.691785714285714,55.692857142857136,52.57,52.51333333333333,41.93400000000001,,,38.92333333333334,3
DK,Denmark,2025,10-49,12.27,37.45,16.241071428571427,53.13095238095239,48.47888888888889,50.830000000000005,41.67666666666666,,,36.83166666666666,3
DK,Denmark,2025,50-249,24.34,58.27,19.490357142857142,68.08,71.83222222222223,60.74666666666667,43.287333333333336,,,48.18833333333333,3
EA,Euro area,2021,10-249,2.5949999999999998,7.775,,37.126,,26.44333333333333,32.95166666666667,,,22.058333333333334,0
EA,Euro area,2021,10-49,2.165,6.775,,35.794666666666664,,24.49666666666667,32.59433333333333,,,21.181666666666665,0
EA,Euro area,2021,50-249,5.25,13.885,,45.025333333333336,,38.34666666666667,35.501,,,26.33833333333333,2
EA,Euro area,2023,10-249,2.7699999999999996,8.195,14.086428571428572,29.695714285714285,34.53166666666666,28.34,33.037,,,24.34166666666667,0
EA,Euro area,2023,10-49,2.2699999999999996,7.125,14.05642857142857,28.216904761904765,31.76,26.209999999999997,32.458000000000006,,,22.99666666666667,0
EA,Euro area,2023,50-249,5.720000000000001,14.530000000000001,14.7075,38.19190476190476,49.86777777777778,41.01,36.698,,,30.623333333333335,1
EA,Euro area,2024,10-249,3.89,13.594999999999999,15.397857142857143,,,35.550000000000004,34.141666666666666,13.977500000000001,24.363,8.516666666666666,2
EA,Euro area,2024,10-49,3.185,12.065,14.971428571428572,,,33.14666666666667,33.66266666666667,11.0875,22.83,7.173333333333333,0
EA,Euro area,2024,50-249,8.055,22.630000000000003,17.765357142857145,,,49.78333333333334,37.181,31.099999999999998,29.317,13.923333333333332,4
EA,Euro area,2025,10-249,5.050000000000001,20.4,16.277142857142856,36.46261904761905,38.74777777777778,37.21666666666667,33.97266666666666,,,27.338333333333335,2
EA,Euro area,2025,10-49,4.404999999999999,18.42,16.0625,34.54595238095238,35.977222222222224,35.166666666666664,33.358,,,25.69833333333333,2
EA,Euro area,2025,50-249,9.0,32.515,17.9275,47.855000000000004,54.91888888888889,49.81,37.99633333333334,,,35.885,3
EE,Estonia,2021,10-249,0.515,2.39,12.8875,40.641,,23.97666666666667,31.840999999999998,,,19.349999999999998,0
EE,Estonia,2021,10-49,0.2,1.83,12.846785714285712,38.827666666666666,,22.046666666666667,31.153,,,17.616666666666667,0
EE,Estonia,2021,50-249,2.165,5.34,13.123214285714285,49.8,,34.24333333333333,35.713,,,24.740000000000002,2
EE,Estonia,2023,10-249,1.09,4.79,10.809285714285716,32.45809523809524,31.47611111111111,25.769999999999996,30.79633333333333,,,23.604999999999997,0
EE,Estonia,2023,10-49,0.725,4.17,10.764642857142857,30.493809523809524,28.66444444444444,23.41666666666666,29.734999999999996,,,21.47,0
EE,Estonia,2023,50-249,3.0300000000000002,8.095,11.371071428571428,42.423095238095236,44.629999999999995,38.346666666666664,36.89066666666667,,,32.26333333333333,1
EE,Estonia,2024,10-249,2.535,13.42,15.011785714285717,,,35.54,32.85766666666667,13.5125,21.334,9.443333333333333,0
EE,Estonia,2024,10-49,2.075,12.285,14.668214285714287,,,32.72666666666667,31.563666666666666,10.7425,20.534000000000002,8.67,0
EE,Estonia,2024,50-249,4.925000000000001,19.39,16.781785714285714,,,50.53666666666667,39.762,28.242499999999996,23.986,12.583333333333334,4
EE,Estonia,2025,10-249,3.02,22.905,,39.12071428571429,53.36166666666666,36.10333333333333,32.41566666666667,,,25.796666666666667,2
EE,Estonia,2025,10-49,2.245,20.99,,36.30071428571429,51.43,33.28333333333333,31.258333333333336,,,23.81666666666667,2
EE,Estonia,2025,50-249,7.115,33.120000000000005,,53.58380952380952,63.48499999999999,51.28,38.62466666666667,,,35.25,3
EL,Greece,2021,10-249,0.965,2.5149999999999997,12.43392857142857,25.888666666666666,,17.923333333333332,34.46633333333334,,,19.10833333333333,0
EL,Greece,2021,10-49,0.705,1.98,12.783928571428572,24.678666666666665,,16.543333333333333,34.27133333333334,,,17.983333333333334,0
EL,Greece,2021,50-249,3.45,7.575,10.684642857142858,36.50366666666666,,31.02333333333333,36.7,,,25.741666666666667,0
EL,Greece,2023,10-249,1.795,3.84,14.161785714285715,18.661190476190477,31.441111111111113,19.59333333333333,34.06166666666667,,,22.091666666666665,0
EL,Greece,2023,10-49,1.665,3.565,14.542857142857143,17.546904761904763,30.307777777777783,18.15,33.732000000000006,,,21.295,0
EL,Greece,2023,50-249,2.68,5.6850000000000005,12.121071428571428,25.44404761904762,38.86388888888889,29.473333333333333,36.284666666666666,,,26.611666666666665,0
EL,Greece,2024,10-249,3.16,9.68,11.811071428571427,,,24.05666666666667,37.449,9.94,21.998,16.91833333333333,0
EL,Greece,2024,10-49,1.855,8.355,11.250357142857144,,,22.37333333333333,37.95133333333333,8.287500000000001,18.758,12.913333333333336,0
EL,Greece,2024,50-249,9.33,15.92,14.288571428571428,,,32.13,35.035000000000004,17.86,30.537,26.941666666666663,2
EL,Greece,2025,10-249,1.7,8.559999999999999,15.137142857142857,22.650000000000002,35.28722222222222,26.94666666666667,32.68527777777778,,,25.79,0
EL,Greece,2025,10-49,1.35,7.38,15.054285714285713,21.16761904761905,32.94833333333333,25.21666666666667,32.65694444444444,,,24.33833333333333,0
EL,Greece,2025,50-249,3.625,15.195,15.685714285714283,30.578095238095237,47.91888888888889,36.733333333333334,32.98583333333334,,,32.41166666666667,2
ES,Spain,2021,10-249,2.64,7.085,12.317499999999999,33.827666666666666,,28.040000000000003,37.006666666666675,,,20.356666666666666,0
ES,Spain,2021,10-49,2.11,6.125,12.764642857142857,32.209,,26.296666666666663,36.54666666666667,,,19.528333333333336,0
ES,Spain,2021,50-249,6.115,13.399999999999999,11.638214285714286,44.13933333333333,,39.57666666666667,40.192,,,24.923333333333332,1
ES,Spain,2023,10-249,2.835,8.305,13.84,25.79547619047619,38.391666666666666,29.150000000000002,40.083000000000006,,,21.683333333333334,0
ES,Spain,2023,10-49,1.9849999999999999,6.43,14.190357142857144,23.681190476190473,35.82666666666666,26.903333333333336,39.544,,,19.665000000000003,0
ES,Spain,2023,50-249,7.9350000000000005,19.59,12.58357142857143,37.681428571428576,53.055,42.74,43.47233333333333,,,30.493333333333336,1
ES,Spain,2024,10-249,3.815,10.34,13.722142857142856,29.304761904761904,39.11277777777778,35.306666666666665,39.40866666666667,14.125,10.790000000000001,22.034444444444443,2
ES,Spain,2024,10-49,2.88,8.600000000000001,13.478214285714285,27.158333333333328,36.586666666666666,33.10666666666667,38.81666666666667,11.4875,8.697,20.558888888888887,0
ES,Spain,2024,50-249,9.3,20.585,15.418571428571429,41.30738095238096,52.919999999999995,48.28333333333333,42.93633333333334,29.67,16.979000000000003,28.74888888888889,1
ES,Spain,2025,10-249,6.05,19.225,16.589285714285715,32.13595238095238,45.43333333333334,38.803333333333335,32.96861111111111,,,24.066666666666666,2
ES,Spain,2025,10-49,5.38,17.265,16.42642857142857,29.836666666666673,42.72888888888889,36.70666666666666,32.37111111111111,,,22.2,2
ES,Spain,2025,50-249,9.780000000000001,30.165,17.899285714285714,44.537142857142854,60.15166666666667,50.583333333333336,36.46777777777778,,,32.87499999999999,3
EU27_2020,EU-27,2021,10-249,2.53,7.109999999999999,,36.296,,25.253333333333334,32.852,,,21.87833333333333,0
EU27_2020,EU-27,2021,10-49,2.1,6.18,,35.05333333333333,,23.38,32.498999999999995,,,21.041666666666664,0
EU27_2020,EU-27,2021,50-249,5.085,12.59,,43.52766666666666,,36.419999999999995,35.285,,,25.828333333333337,2
EU27_2020,EU-27,2023,10-249,2.605,7.42,13.785714285714286,29.895952380952384,33.93611111111111,27.313333333333333,32.98266666666667,,,23.618333333333336,0
EU27_2020,EU-27,2023,10-49,2.13,6.45,13.779642857142859,28.45071428571429,31.291666666666668,25.246666666666666,32.44333333333333,,,22.30666666666667,0
EU27_2020,EU-27,2023,50-249,5.35,13.09,14.266785714285716,38.053333333333335,48.28333333333333,39.37333333333333,36.35,,,29.603333333333335,2
EU27_2020,EU-27,2024,10-249,3.72,12.705,14.784285714285714,,,35.190000000000005,33.94733333333333,14.2425,23.461000000000002,8.360000000000001,0
EU27_2020,EU-27,2024,10-49,3.05,11.275,14.421071428571429,,,32.809999999999995,33.48566666666667,11.379999999999999,22.041,7.023333333333333,0
EU27_2020,EU-27,2024,50-249,7.635,21.009999999999998,16.83892857142857,,,49.083333333333336,36.85133333333333,30.917499999999997,27.988999999999997,13.613333333333335,4
EU27_2020,EU-27,2025,10-249,4.805,18.994999999999997,15.763214285714284,35.83428571428571,38.415555555555564,35.876666666666665,33.814,,,26.07166666666667,2
EU27_2020,EU-27,2025,10-49,4.154999999999999,17.095,15.570357142857144,33.951190476190476,35.657222222222224,33.82666666666666,33.246,,,24.46,2
EU27_2020,EU-27,2025,50-249,8.68,30.405,17.215357142857147,46.8102380952381,54.22388888888889,48.24666666666667,37.49,,,34.23333333333333,3
FI,Finland,2021,10-249,7.66,14.62,12.563928571428573,55.51933333333333,,42.303333333333335,33.342,,,30.308333333333334,1
FI,Finland,2021,10-49,6.22,12.37,12.18857142857143,53.44733333333333,,40.10333333333333,32.92133333333333,,,28.985,1
FI,Finland,2021,50-249,15.33,26.66,14.775000000000002,66.404,,54.083333333333336,35.69666666666667,,,36.36,3
FI,Finland,2023,10-249,7.56,13.83,14.907142857142858,46.35333333333334,41.54555555555555,45.336666666666666,33.93599999999999,,,35.16833333333334,1
FI,Finland,2023,10-49,5.66,11.48,14.533928571428572,44.019999999999996,38.57222222222223,42.97666666666667,33.025999999999996,,,33.01,2
FI,Finland,2023,50-249,17.66,26.4,17.3825,58.55809523809524,57.03,57.93,38.89133333333333,,,44.56,3
FI,Finland,2024,10-249,9.37,22.81,,,,51.173333333333325,37.21000000000001,24.552500000000002,17.365000000000002,9.866666666666667,2
FI,Finland,2024,10-49,7.72,20.02,,,,49.42000000000001,36.54666666666667,20.982499999999998,17.055,7.563333333333335,2
FI,Finland,2024,50-249,18.15,37.67,,,,60.48999999999999,40.79533333333334,43.5275,19.044,18.666666666666668,4
FI,Finland,2025,10-249,13.78,36.41,17.374642857142856,52.56047619047619,46.99222222222222,53.6,33.205555555555556,,,37.27,3
FI,Finland,2025,10-49,11.75,33.51,16.969285714285714,50.04047619047619,43.73555555555556,52.02333333333333,32.38,,,35.20833333333333,3
FI,Finland,2025,50-249,24.25,51.35,19.867500000000003,65.3295238095238,63.453333333333326,61.70666666666667,37.49999999999999,,,46.95666666666666,3
FR,France,2021,10-249,1.77,6.0600000000000005,,30.335333333333335,,19.903333333333332,27.46333333333333,,,16.566666666666666,0
FR,France,2021,10-49,1.41,5.0649999999999995,,28.873,,17.99,27.301666666666666,,,15.616666666666667,0
FR,France,2021,50-249,4.295,13.08,,40.15266666666667,,33.47666666666667,29.636666666666663,,,21.938333333333333,2
FR,France,2023,10-249,1.775,5.48,,21.48309523809524,31.47166666666666,23.22,28.381333333333334,,,17.59166666666667,0
FR,France,2023,10-49,1.51,4.755,,19.90119047619047,29.28,21.23,27.654666666666667,,,15.723333333333333,0
FR,France,2023,50-249,3.495,10.175,,30.67095238095238,44.74166666666667,36.163333333333334,33.38033333333334,,,26.2,2
FR,France,2024,10-249,2.9450000000000003,9.27,,,,30.013333333333335,29.38366666666667,8.4,23.173,7.383333333333333,0
FR,France,2024,10-49,2.795,8.530000000000001,,,,27.950000000000003,28.811,6.772500000000001,26.921666666666667,7.1499999999999995,0
FR,France,2024,50-249,3.995,14.545,,,,44.703333333333326,33.949666666666666,19.995,29.05,,2
FR,France,2025,10-249,3.9000000000000004,17.04,,29.861904761904764,34.86944444444445,34.13666666666666,29.85266666666667,,,22.40666666666667,2
FR,France,2025,10-49,3.415,15.07,,27.483571428571427,32.425000000000004,31.790000000000003,28.885333333333335,,,20.584999999999997,0
FR,France,2025,50-249,7.28,30.81,,45.49523809523809,51.24,50.576666666666675,37.28,,,32.93833333333333,1
HR,Croatia,2021,10-249,2.95,8.495000000000001,12.465714285714284,38.24933333333334,,23.05,36.95333333333333,,,23.6,0
HR,Croatia,2021,10-49,2.625,8.254999999999999,12.188571428571427,37.159,,21.636666666666667,36.568000000000005,,,23.51666666666667,0
HR,Croatia,2021,50-249,4.82,9.870000000000001,13.815357142857144,44.85,,31.426666666666666,39.21333333333334,,,24.561666666666664,2
HR,Croatia,2023,10-249,1.58,7.695,14.099642857142857,32.06214285714286,45.558888888888895,26.680000000000003,37.196,,,23.02166666666667,0
HR,Croatia,2023,10-49,1.165,7.130000000000001,14.241428571428571,31.151190476190475,42.893333333333324,25.11,36.69633333333333,,,22.514999999999997,0
HR,Croatia,2023,50-249,4.12,11.17,13.427857142857144,37.66238095238095,61.067777777777785,36.49666666666666,40.275333333333336,,,26.011666666666663,1
HR,Croatia,2024,10-249,2.795,11.365,14.813571428571427,36.42194444444444,,30.35666666666667,38.74366666666667,12.33,19.852999999999998,26.240000000000002,2
HR,Croatia,2024,10-49,2.21,10.57,14.993928571428572,34.895833333333336,,28.22,38.205,10.284999999999998,17.941,25.43333333333333,0
HR,Croatia,2024,50-249,6.57,16.49,14.074285714285717,46.38333333333333,,44.22,42.239333333333335,25.6225,25.069,31.33,1
HR,Croatia,2025,10-249,2.45,14.555,14.907142857142857,34.95809523809524,40.62111111111111,28.38,32.70633333333333,,,28.65833333333333,2
HR,Croatia,2025,10-49,1.71,12.809999999999999,15.010714285714286,33.12214285714286,36.78166666666667,25.779999999999998,31.375333333333334,,,27.50833333333334,0
HR,Croatia,2025,50-249,7.11,25.5,15.567499999999999,46.396190476190476,63.412222222222226,44.78666666666667,40.88266666666667,,,35.406666666666666,3
HU,Hungary,2021,10-249,1.0550000000000002,2.785,9.798214285714286,25.754999999999995,,15.066666666666665,32.227,,,14.573333333333334,0
HU,Hungary,2021,10-49,0.975,2.625,9.7975,24.226333333333333,,13.486666666666666,31.99,,,13.884999999999998,0
HU,Hungary,2021,50-249,1.525,3.8049999999999997,10.018928571428571,34.72766666666667,,25.163333333333338,34.092333333333336,,,18.326666666666668,0
HU,Hungary,2023,10-249,1.4249999999999998,3.385,13.301428571428572,28.27285714285714,41.23277777777778,24.67,34.754333333333335,,,22.455000000000002,0
HU,Hungary,2023,10-49,1.19,3.0549999999999997,13.771428571428572,27.09738095238095,39.61277777777778,23.023333333333337,34.626333333333335,,,22.03666666666667,0
HU,Hungary,2023,50-249,2.99,5.59,10.989999999999998,35.869523809523805,51.18111111111111,35.690000000000005,36.101333333333336,,,25.80333333333333,2
HU,Hungary,2024,10-249,2.33,7.119999999999999,12.769285714285715,34.856944444444444,,26.560000000000002,34.10133333333333,11.299999999999999,24.581,17.076666666666668,0
HU,Hungary,2024,10-49,2.145,6.654999999999999,12.875357142857142,33.38166666666667,,24.17,33.745333333333335,9.32,23.934,16.304444444444446,0
HU,Hungary,2024,50-249,3.54,10.129999999999999,12.619285714285715,44.20972222222222,,42.33,36.685,24.3275,27.177,22.471111111111114,2
HU,Hungary,2025,10-249,3.535,9.89,14.019642857142857,31.729047619047623,36.05777777777777,28.823333333333338,28.5525,,,23.02,0
HU,Hungary,2025,10-49,3.245,9.015,13.9675,29.948809523809526,34.410000000000004,26.72666666666667,28.268888888888892,,,21.6,0
HU,Hungary,2025,50-249,5.41,15.6,14.461428571428574,42.83142857142857,47.044444444444444,42.74333333333333,30.62166666666667,,,31.108333333333334,2
IE,Ireland,2021,10-249,2.535,7.23,,42.739999999999995,,30.506666666666664,41.287,,,23.526666666666667,2
IE,Ireland,2021,10-49,1.91,6.109999999999999,,40.80766666666666,,27.98,39.64066666666666,,,22.845,2
IE,Ireland,2021,50-249,5.86,13.19,,52.576,,44.076666666666675,50.008,,,27.786666666666665,1
IE,Ireland,2023,10-249,3.8,7.225,,35.025000000000006,35.84277777777778,32.21,38.666333333333334,,,26.861666666666668,2
IE,Ireland,2023,10-49,2.29,5.3149999999999995,,32.78404761904762,33.16722222222222,29.423333333333332,37.04633333333334,,,23.858333333333334,0
IE,Ireland,2023,50-249,12.175,17.795,,47.00404761904762,50.053333333333335,47.78,47.19366666666666,,,36.72,1
IE,Ireland,2024,10-249,5.550000000000001,13.95,,,,37.64666666666667,42.022000000000006,13.6275,25.55,9.726666666666665,2
IE,Ireland,2024,10-49,4.28,11.89,,,,34.72666666666667,40.730000000000004,11.3025,25.46,10.729999999999999,2
IE,Ireland,2024,50-249,12.34,24.97,,,,53.39666666666667,48.900666666666666,26.165000000000003,27.470000000000002,7.326666666666667,4
IE,Ireland,2025,10-249,5.29,18.59,,40.843809523809526,38.092777777777776,39.79666666666666,39.76333333333333,,,28.388333333333332,2
IE,Ireland,2025,10-49,4.27,16.985,,38.80285714285714,34.78277777777778,37.68,38.291,,,25.636666666666667,2
IE,Ireland,2025,50-249,11.465,28.33,,52.89190476190476,56.437222222222225,52.696666666666665,48.391666666666666,,,42.7,3
IT,Italy,2021,10-249,1.71,5.88,,47.840333333333334,,26.526666666666667,30.04266666666667,,,30.578333333333337,2
IT,Italy,2021,10-49,1.51,5.39,,46.93066666666666,,25.263333333333332,29.998333333333328,,,29.561666666666667,0
IT,Italy,2021,50-249,3.435,10.035,,55.36666666666666,,37.24666666666666,30.881999999999998,,,37.025,1
IT,Italy,2023,10-249,1.855,4.695,11.983214285714284,37.370952380952374,29.331111111111113,27.346666666666664,29.236,,,32.82333333333333,0
IT,Italy,2023,10-49,1.685,4.375,12.233571428571427,36.482619047619046,27.234999999999996,25.983333333333334,29.02133333333333,,,32.14333333333333,0
IT,Italy,2023,50-249,3.28,7.305,11.536785714285713,44.652142857142856,45.547777777777775,38.77333333333333,31.413666666666664,,,37.91833333333334,1
IT,Italy,2024,10-249,2.085,7.78,,,,32.13333333333333,31.02466666666667,10.55,29.76,6.486666666666667,0
IT,Italy,2024,10-49,1.78,6.93,,,,30.066666666666666,30.738666666666667,8.4725,28.54,5.48,0
IT,Italy,2024,50-249,4.605,14.725000000000001,,,,49.083333333333336,33.559000000000005,27.5775,34.315,11.236666666666665,4
IT,Italy,2025,10-249,2.575,15.805,14.025714285714285,45.33404761904762,39.172222222222224,38.93666666666667,31.357999999999997,,,34.3,2
IT,Italy,2025,10-49,2.185,14.335,14.113214285714287,44.07119047619047,36.85277777777778,37.46333333333333,31.17066666666667,,,32.95,2
IT,Italy,2025,50-249,5.71,27.665,14.195000000000002,55.33904761904761,57.01111111111111,50.89666666666667,33.20066666666666,,,43.225,1
LT,Lithuania,2021,10-249,1.99,3.98,14.851785714285713,30.861999999999995,,25.62666666666667,40.54066666666667,,,19.41,0
LT,Lithuania,2021,10-49,1.6,3.18,14.84142857142857,28.206000000000007,,23.293333333333333,39.974,,,17.536666666666665,0
LT,Lithuania,2021,50-249,3.81,7.71,15.20535714285714,42.06466666666667,,36.44666666666667,43.300666666666665,,,25.666666666666668,2
LT,Lithuania,2023,10-249,2.11,4.39,16.02392857142857,26.676666666666666,36.21,27.16333333333333,42.707333333333324,,,20.841666666666665,0
LT,Lithuania,2023,10-49,1.65,3.4,16.281785714285714,24.30238095238095,32.58111111111111,24.566666666666666,41.71066666666666,,,18.585,0
LT,Lithuania,2023,50-249,4.16,8.78,15.229285714285714,36.794285714285714,51.391111111111115,38.763333333333335,47.199333333333335,,,28.12,1
LT,Lithuania,2024,10-249,3.9,8.01,17.505,,,31.283333333333335,46.00933333333334,8.3675,20.593,7.796666666666667,2
LT,Lithuania,2024,10-49,3.26,6.51,17.20678571428572,,,28.173333333333332,44.94866666666666,6.1075,18.526,5.206666666666667,0
LT,Lithuania,2024,50-249,6.95,15.11,18.98428571428571,,,45.99666666666667,51.01466666666667,19.0525,25.232999999999997,14.343333333333334,2
LT,Lithuania,2025,10-249,7.89,20.25,,41.43428571428571,48.09222222222223,38.416666666666664,40.54611111111111,,,34.28,1
LT,Lithuania,2025,10-49,6.72,18.06,,38.47238095238095,44.891111111111115,35.693333333333335,39.98277777777778,,,32.19833333333334,1
LT,Lithuania,2025,50-249,13.32,30.36,,54.794285714285714,63.40444444444446,51.00666666666667,43.135555555555555,,,43.11,3
LU,Luxembourg,2021,10-249,2.825,12.215,,34.70733333333334,,24.743333333333336,25.404999999999998,,,19.97,0
LU,Luxembourg,2021,10-49,2.55,11.635,,33.04666666666667,,22.37,24.848666666666666,,,19.55166666666667,0
LU,Luxembourg,2021,50-249,4.1,14.915,,42.78266666666666,,35.85333333333333,28.485666666666667,,,22.446666666666665,2
LU,Luxembourg,2023,10-249,3.0999999999999996,13.565,,28.0552380952381,32.36666666666667,27.073333333333338,26.076999999999998,,,20.976666666666667,0
LU,Luxembourg,2023,10-49,2.42,12.32,,26.490952380952383,29.668333333333333,24.850000000000005,25.731,,,20.15,0
LU,Luxembourg,2023,50-249,6.445,19.68,,35.55547619047619,44.29833333333334,37.96,28.199,,,24.706666666666663,2
LU,Luxembourg,2024,10-249,5.5600000000000005,23.085,14.442499999999999,,,34.763333333333335,25.46133333333333,17.1125,28.125999999999998,8.186666666666666,2
LU,Luxembourg,2024,10-49,5.145,21.255000000000003,14.40392857142857,,,32.14666666666667,24.884999999999998,14.114999999999998,27.258999999999997,7.043333333333333,0
LU,Luxembourg,2024,50-249,7.5649999999999995,31.88,14.904285714285717,,,47.37,28.77233333333333,31.534999999999997,31.393,12.593333333333334,4
LU,Luxembourg,2025,10-249,6.96,32.945,16.772142857142857,37.68142857142857,37.95777777777777,38.32,27.213666666666665,,,26.906666666666663,2
LU,Luxembourg,2025,10-49,6.23,30.67,16.764999999999997,36.08404761904762,35.053333333333335,36.26333333333333,26.75,,,25.631666666666664,2
LU,Luxembourg,2025,50-249,10.41,43.715,17.293928571428573,45.131190476190476,50.791666666666664,48.07,29.57166666666667,,,32.406666666666666,3
LV,Latvia,2021,10-249,1.47,3.41,9.253571428571428,26.337,,16.966666666666665,29.020999999999997,,,15.756666666666668,0
LV,Latvia,2021,10-49,1.22,2.79,8.660357142857142,24.950999999999997,,14.910000000000002,28.537,,,16.038333333333334,0
LV,Latvia,2021,50-249,2.83,6.75,11.626428571428571,33.730666666666664,,27.94333333333334,31.57933333333333,,,16.763333333333335,0
LV,Latvia,2023,10-249,1.1,4.14,12.889285714285714,21.724285714285713,39.94777777777778,22.753333333333334,31.286,,,11.571666666666665,0
LV,Latvia,2023,10-49,0.88,3.47,12.885000000000002,20.335714285714285,37.67111111111111,20.586666666666666,30.591333333333335,,,10.69,0
LV,Latvia,2023,50-249,2.45,8.27,13.42357142857143,29.736666666666668,53.66222222222222,35.97333333333333,36.24333333333333,,,15.66,2
LV,Latvia,2024,10-249,2.22,8.24,12.899285714285714,,,28.373333333333335,31.601999999999997,8.684999999999999,20.242,5.763333333333333,0
LV,Latvia,2024,10-49,1.92,7.24,13.043928571428571,,,25.666666666666668,30.955333333333336,6.765000000000001,22.371999999999996,4.760000000000001,0
LV,Latvia,2024,50-249,3.87,13.65,12.94285714285714,,,43.15,35.614666666666665,19.1825,16.881,9.219999999999999,2
LV,Latvia,2025,10-249,3.44,11.33,15.781071428571428,26.52190476190476,41.717777777777776,28.56,26.733888888888888,,,16.283333333333335,0
LV,Latvia,2025,10-49,2.95,9.77,15.768928571428573,24.37952380952381,38.85999999999999,26.30333333333333,26.15777777777778,,,13.943333333333333,0
LV,Latvia,2025,50-249,6.04,19.78,15.899642857142856,37.375238095238096,56.96666666666667,40.74333333333333,30.35166666666667,,,26.048333333333332,2
ME,Montenegro,2021,10-249,1.3849999999999998,3.2800000000000002,,24.192999999999998,,23.06,,,,12.478333333333333,0
ME,Montenegro,2021,10-49,1.65,3.715,,22.1875,,21.993333333333336,,,,12.203333333333335,0
ME,Montenegro,2021,50-249,0.0,1.03,,33.49933333333333,,28.599999999999998,41.26583333333333,,,11.603333333333333,0
ME,Montenegro,2023,10-249,2.37,5.5,,25.094444444444445,43.217777777777776,29.870000000000005,,,,21.816666666666666,0
ME,Montenegro,2023,10-49,2.34,4.76,,23.72277777777778,40.660000000000004,28.633333333333336,,,,21.656666666666666,0
ME,Montenegro,2024,10-249,3.36,7.9,,,,30.336666666666662,,21.5975,16.835,,2
ME,Montenegro,2024,10-49,3.28,,,,,28.15666666666667,,21.2175,17.245,,2
ME,Montenegro,2025,10-249,2.03,10.01,,21.919999999999995,39.68,37.47666666666667,48.98666666666667,,,23.826666666666668,2
ME,Montenegro,2025,10-49,1.97,,,21.104285714285716,37.64,36.699999999999996,46.13333333333333,,,21.99,2
MK,North Macedonia,2021,10-249,1.04,,,23.050555555555558,,11.446666666666665,28.41,,,4.34,0
MK,North Macedonia,2021,10-49,1.1099999999999999,,,19.807916666666667,,11.049999999999999,22.386666666666667,,,3.546666666666667,0
MK,North Macedonia,2021,50-249,0.605,,,23.68166666666667,,14.030000000000001,29.431111111111107,,,12.161666666666667,0
MT,Malta,2021,10-249,4.0600000000000005,10.02,15.213928571428573,45.59366666666667,,37.29,39.013000000000005,,,27.315,2
MT,Malta,2021,10-49,3.3099999999999996,8.469999999999999,15.544285714285715,43.05533333333334,,34.97,37.781666666666666,,,25.838333333333335,2
MT,Malta,2021,50-249,7.86,17.905,13.909285714285716,58.18066666666666,,49.25666666666667,45.53666666666667,,,34.32,1
MT,Malta,2023,10-249,4.5600000000000005,12.690000000000001,15.908928571428573,40.21714285714285,38.971111111111114,40.276666666666664,42.16799999999999,,,28.725,2
MT,Malta,2023,10-49,4.09,10.885,15.483571428571429,37.656190476190474,36.51555555555556,37.87,40.997,,,26.045,2
MT,Malta,2023,50-249,6.71,21.035,17.89392857142857,51.654523809523816,49.651111111111106,51.5,47.57233333333333,,,38.79,1
MT,Malta,2024,10-249,6.125,16.450000000000003,17.12607142857143,,,42.73666666666667,42.932,22.655,33.346999999999994,13.963333333333331,4
MT,Malta,2024,10-49,5.34,14.475000000000001,16.819999999999997,,,40.17666666666667,41.597,18.115,31.231,9.655,2
MT,Malta,2024,50-249,9.83,25.735,18.726428571428574,,,54.843333333333334,49.205666666666666,44.17,41.113,22.358333333333334,4
MT,Malta,2025,10-249,6.345,20.47,12.480357142857144,44.97071428571429,38.83111111111111,45.410000000000004,41.94833333333334,,,30.653333333333332,1
MT,Malta,2025,10-49,5.285,18.2,11.843928571428574,42.07809523809524,35.751666666666665,43.129999999999995,40.827666666666666,,,27.52166666666667,1
MT,Malta,2025,50-249,11.135,30.735,15.284999999999998,57.65166666666666,52.31944444444445,55.75666666666667,47.16433333333333,,,43.093333333333334,3
NL,Netherlands,2021,10-249,5.74,12.1,10.840357142857142,54.232000000000006,,36.86333333333333,36.15866666666666,,,31.226666666666667,1
NL,Netherlands,2021,10-49,4.55,10.1,10.584285714285715,52.924,,34.73666666666667,36.12733333333333,,,30.161666666666665,1
NL,Netherlands,2021,50-249,11.33,21.44,11.985714285714284,60.30266666666665,,46.800000000000004,36.55466666666667,,,35.29666666666667,1
NL,Netherlands,2023,10-249,4.92,13.11,11.783214285714285,41.42142857142858,45.858888888888885,43.85666666666666,37.90133333333333,,,30.89666666666667,1
NL,Netherlands,2023,10-49,4.13,11.75,11.608214285714286,39.68666666666667,42.21333333333333,41.873333333333335,37.81533333333333,,,29.275000000000002,1
NL,Netherlands,2023,50-249,8.78,19.75,12.650714285714285,49.700476190476195,62.95555555555555,53.50999999999999,38.534666666666666,,,37.615,1
NL,Netherlands,2024,10-249,5.57,21.9,11.99892857142857,55.31055555555557,,41.68333333333333,37.19133333333333,18.6375,27.538999999999998,36.68666666666667,1
NL,Netherlands,2024,10-49,4.75,19.96,11.176428571428572,53.37166666666667,,38.92,37.156,14.329999999999998,26.502000000000002,35.03333333333333,1
NL,Netherlands,2024,50-249,9.49,31.19,15.28535714285714,64.41,,54.88,37.522666666666666,39.23,31.881999999999998,43.718333333333334,4
NL,Netherlands,2025,10-249,7.59,31.87,13.125357142857142,50.59476190476191,47.333333333333336,50.31666666666667,30.906111111111112,,,36.685,1
NL,Netherlands,2025,10-49,6.19,28.76,12.552142857142856,47.746190476190485,43.3688888888889,48.39333333333334,30.548333333333336,,,34.461666666666666,1
NL,Netherlands,2025,50-249,14.25,46.62,15.839642857142858,63.86333333333334,65.20111111111112,59.416666666666664,32.717222222222226,,,46.07666666666667,3
NO,Norway,2021,10-249,5.795,10.195,10.018214285714288,54.10533333333334,,38.163333333333334,35.62566666666666,,,29.933333333333334,1
NO,Norway,2021,10-49,4.81,8.95,9.594999999999999,52.46033333333334,,36.68666666666667,35.251999999999995,,,28.538333333333334,1
NO,Norway,2021,50-249,12.645,18.895,12.366428571428571,65.31466666666667,,48.51666666666666,38.38699999999999,,,37.791666666666664,1
NO,Norway,2023,10-249,3.84,8.605,13.463571428571427,44.748571428571424,22.466111111111115,40.056666666666665,36.599,,,34.053333333333335,2
NO,Norway,2023,10-49,3.0,7.17,13.697142857142856,43.14547619047619,21.403888888888886,38.483333333333334,36.24733333333334,,,32.29833333333333,2
NO,Norway,2023,50-249,9.32,17.89,12.650714285714287,54.95261904761906,29.227222222222224,50.306666666666665,39.006,,,42.455000000000005,1
NO,Norway,2024,10-249,9.025,20.229999999999997,11.14,,,42.410000000000004,38.160000000000004,20.6275,11.535,14.758333333333333,2
NO,Norway,2024,10-49,8.34,18.67,10.744285714285713,,,40.36333333333334,37.611000000000004,18.1275,10.733,15.05,2
NO,Norway,2024,50-249,13.344999999999999,30.13,13.376785714285713,,,55.580000000000005,41.598,36.665,14.512,14.636666666666667,4
NO,Norway,2025,10-249,9.06,28.19,12.913928571428572,48.20785714285715,36.54944444444444,43.82333333333333,31.909166666666664,,,35.16,1
NO,Norway,2025,10-49,8.03,25.45,12.217500000000001,45.993571428571435,33.93388888888889,41.97,31.5725,,,33.54666666666667,1
NO,Norway,2025,50-249,15.530000000000001,45.45,17.07357142857143,61.90357142857142,52.316111111111105,55.61000000000001,34.06722222222222,,,44.47333333333333,3
PL,Poland,2021,10-249,1.17,2.37,12.318214285714285,23.45033333333333,,17.59,31.003666666666668,,,13.851666666666665,0
PL,Poland,2021,10-49,0.865,1.895,12.86107142857143,22.302333333333333,,15.530000000000001,30.95766666666667,,,13.031666666666666,0
PL,Poland,2021,50-249,2.835,4.965,11.002142857142857,29.871,,28.853333333333335,31.682000000000006,,,16.825,0
PL,Poland,2023,10-249,1.5,2.93,12.215,34.13833333333333,27.47611111111111,23.14,31.017333333333333,,,17.063333333333333,0
PL,Poland,2023,10-49,1.12,2.2649999999999997,12.363571428571431,32.639761904761905,25.016666666666666,20.863333333333333,30.863999999999997,,,15.793333333333335,0
PL,Poland,2023,50-249,3.5300000000000002,6.5,11.983928571428573,42.157142857142865,39.85444444444444,35.42,32.07966666666666,,,21.7,2
PL,Poland,2024,10-249,1.895,4.955,12.304285714285713,,,33.336666666666666,31.196666666666665,18.3975,10.218,14.908333333333333,0
PL,Poland,2024,10-49,1.35,3.96,12.405714285714284,,,30.63666666666667,31.028666666666663,15.405000000000001,9.772,14.041666666666668,0
PL,Poland,2024,50-249,4.87,10.425,12.374285714285715,,,48.27000000000001,32.492666666666665,34.93,11.446,17.25166666666667,2
PL,Poland,2025,10-249,1.795,7.140000000000001,12.758214285714287,33.662857142857135,30.217777777777773,28.49666666666667,27.74722222222222,,,15.015,0
PL,Poland,2025,10-49,1.26,5.84,12.509285714285713,31.800952380952378,27.479444444444443,26.006666666666664,27.590833333333336,,,13.44,0
PL,Poland,2025,50-249,4.925000000000001,14.805,13.988214285714287,44.365,45.55666666666667,43.26333333333333,29.090833333333336,,,21.673333333333332,2
PT,Portugal,2021,10-249,2.45,6.76,14.265357142857145,34.32633333333333,,22.23,30.296333333333337,,,25.183333333333334,0
PT,Portugal,2021,10-49,1.77,5.404999999999999,14.003214285714284,32.32166666666667,,19.913333333333334,29.637999999999998,,,25.018333333333338,0
PT,Portugal,2021,50-249,5.85,13.52,15.488571428571428,42.57416666666667,,16.57,34.17633333333333,,,27.931666666666665,2
PT,Portugal,2023,10-249,2.815,7.36,15.069642857142858,27.744523809523805,40.193888888888885,24.716666666666665,30.250333333333334,,,25.729999999999997,0
PT,Portugal,2023,10-49,1.885,5.869999999999999,15.092142857142855,26.124285714285712,37.36666666666667,22.44666666666667,29.385333333333335,,,23.596666666666668,0
PT,Portugal,2023,50-249,8.59,16.58,15.222499999999998,14.838888888888889,,10.19,33.282222222222224,,,20.50666666666667,0
PT,Portugal,2024,10-249,3.145,7.955,17.564285714285713,,,37.080000000000005,33.49666666666666,17.1025,19.988999999999997,16.328333333333333,2
PT,Portugal,2024,10-49,2.48,6.734999999999999,17.29392857142857,,,35.02666666666667,33.40233333333333,14.625,18.226,14.704999999999998,2
PT,Portugal,2024,50-249,7.235,15.445,19.420357142857142,,,53.730000000000004,34.655666666666676,21.275,24.883000000000003,22.188333333333333,2
PT,Portugal,2025,10-249,3.44,10.719999999999999,18.823928571428574,29.569761904761908,45.5088888888889,30.763333333333332,29.620277777777776,,,25.448333333333334,2
PT,Portugal,2025,10-49,2.84,9.49,18.60107142857143,27.615952380952383,43.019444444444446,28.430000000000003,29.140833333333333,,,23.463333333333335,0
PT,Portugal,2025,50-249,7.130000000000001,18.259999999999998,20.50357142857143,18.00722222222222,,50.35,33.04944444444444,,,18.006666666666668,2
RO,Romania,2021,10-249,0.5449999999999999,1.255,,21.963,,9.270000000000001,28.339666666666666,,,20.086666666666666,0
RO,Romania,2021,10-49,0.46499999999999997,1.12,,21.553666666666665,,8.45,28.081,,,21.101666666666667,0
RO,Romania,2021,50-249,0.975,1.95,,24.113666666666667,,13.63,29.72533333333333,,,17.476666666666667,0
RO,Romania,2023,10-249,0.51,1.28,,17.708095238095236,31.157777777777778,11.79,28.598000000000003,,,15.871666666666666,0
RO,Romania,2023,10-49,0.39,1.07,,16.93,29.91111111111111,10.856666666666667,28.290000000000003,,,14.219999999999999,0
RO,Romania,2023,50-249,1.15,2.38,,21.548571428571428,37.83444444444444,16.869999999999997,30.54866666666667,,,21.46333333333333,0
RO,Romania,2024,10-249,0.925,2.79,,,,30.263333333333332,30.250333333333334,9.342500000000001,27.675,10.616666666666667,0
RO,Romania,2024,10-49,0.745,2.585,,,,29.179999999999996,29.906,7.0425,26.695,10.853333333333333,0
RO,Romania,2024,50-249,1.9,3.885,,,,36.01333333333333,32.17933333333333,21.5425,31.509999999999998,9.816666666666665,0
RO,Romania,2025,10-249,1.89,4.6899999999999995,,22.220714285714287,39.61388888888889,20.19,29.982666666666667,,,19.773333333333333,0
RO,Romania,2025,10-49,1.6549999999999998,4.140000000000001,,21.536428571428566,37.973888888888894,18.98333333333333,29.41466666666667,,,18.836666666666666,0
RO,Romania,2025,50-249,3.225,7.805,,25.904999999999998,48.587222222222216,26.959999999999997,33.398666666666664,,,23.73333333333333,0
RS,Serbia,2021,10-249,0.44,0.77,,25.223333333333333,,17.59,36.55733333333334,,,12.530000000000001,0
RS,Serbia,2021,10-49,0.08,0.24,,24.396,,16.136666666666667,36.535333333333334,,,11.146666666666667,0
RS,Serbia,2021,50-249,1.9,2.96,,29.208666666666666,,23.576666666666668,36.64466666666667,,,17.18166666666667,0
RS,Serbia,2023,10-249,0.49,1.72,,20.94761904761905,29.84,21.496666666666666,38.348,,,15.268333333333334,0
RS,Serbia,2023,10-49,0.45,1.71,,19.31047619047619,27.15222222222222,19.93,37.878,,,14.186666666666667,0
RS,Serbia,2023,50-249,0.67,1.78,,27.36761904761905,41.114444444444445,28.17,40.32133333333333,,,19.116666666666667,0
RS,Serbia,2024,10-249,1.8,6.64,,,,41.666666666666664,39.69133333333333,17.8275,21.405,2.1,2
RS,Serbia,2024,10-49,1.55,5.91,,,,39.86,38.832,15.0,20.685000000000002,0.0,0
RS,Serbia,2024,50-249,2.8,9.55,,,,48.913333333333334,43.052,29.1725,23.9,7.696666666666668,2
RS,Serbia,2025,10-249,1.86,9.76,,22.914761904761907,33.11111111111111,22.743333333333336,39.217999999999996,,,11.833333333333334,0
RS,Serbia,2025,10-49,1.64,9.43,,21.186666666666667,30.43444444444444,20.666666666666668,37.632666666666665,,,9.731666666666667,0
RS,Serbia,2025,50-249,2.75,11.07,,29.296190476190475,43.72444444444445,31.02,45.41266666666667,,,19.27333333333333,2
SE,Sweden,2021,10-249,3.995,9.14,11.005357142857141,58.60633333333334,,44.13333333333333,39.15566666666667,,,32.7,1
SE,Sweden,2021,10-49,3.2,7.654999999999999,10.42,56.678999999999995,,42.07666666666667,37.91533333333333,,,31.046666666666667,1
SE,Sweden,2021,50-249,8.795,18.115000000000002,13.806071428571428,69.98233333333333,,56.60333333333333,46.77066666666666,,,40.285000000000004,1
SE,Sweden,2023,10-249,4.135,9.440000000000001,12.3225,42.55023809523809,36.73888888888889,39.843333333333334,40.07533333333334,,,30.438333333333333,1
SE,Sweden,2023,10-49,3.615,8.71,12.182142857142859,40.52904761904762,34.096666666666664,37.81666666666667,38.915000000000006,,,28.671666666666667,2
SE,Sweden,2023,50-249,7.06,13.515,13.703928571428573,53.48380952380953,50.958333333333336,51.20333333333334,46.522999999999996,,,39.15,1
SE,Sweden,2024,10-249,7.475,24.035,12.484642857142857,,,46.81,39.750666666666675,18.735,19.719,6.02,2
SE,Sweden,2024,10-49,6.35,22.130000000000003,11.930000000000001,,,44.54999999999999,38.308,15.772499999999999,18.534,4.566666666666666,2
SE,Sweden,2024,50-249,13.64,34.53,15.299999999999999,,,59.26666666666667,47.65233333333333,35.052499999999995,23.598999999999997,12.223333333333334,4
SE,Sweden,2025,10-249,7.9350000000000005,33.68,13.121785714285712,48.97452380952382,41.42166666666666,45.74333333333333,39.187,,,31.75,1
SE,Sweden,2025,10-49,6.6899999999999995,30.795,12.902499999999998,46.618571428571435,38.06777777777778,43.88999999999999,38.39333333333333,,,29.96333333333333,1
SE,Sweden,2025,50-249,14.83,49.644999999999996,14.738214285714287,61.86476190476191,58.945,55.97999999999999,43.568333333333335,,,40.483333333333334,3
SI,Slovenia,2021,10-249,1.9,11.030000000000001,12.804642857142856,40.661666666666676,,26.22333333333333,32.464,,,36.190000000000005,2
SI,Slovenia,2021,10-49,1.6549999999999998,9.45,12.135000000000002,39.660000000000004,,24.013333333333335,32.275,,,35.46333333333334,0
SI,Slovenia,2021,50-249,3.27,19.84,15.745714285714286,46.52,,38.60333333333333,33.995999999999995,,,40.425000000000004,2
SI,Slovenia,2023,10-249,2.13,10.344999999999999,13.534285714285714,30.043333333333333,26.89611111111111,23.846666666666664,31.12166666666667,,,34.998333333333335,0
SI,Slovenia,2023,10-49,1.75,9.035,13.36,28.062142857142856,24.617222222222225,21.206666666666667,30.614666666666665,,,33.141666666666666,0
SI,Slovenia,2023,50-249,4.025,16.9,14.482142857142858,39.87880952380952,38.291111111111114,37.22666666666667,33.940666666666665,,,43.02166666666667,2
SI,Slovenia,2024,10-249,3.76,20.03,16.506071428571428,,,33.13666666666666,33.06133333333334,16.29,25.809000000000005,27.893333333333334,2
SI,Slovenia,2024,10-49,3.435,19.515,16.582857142857144,,,30.706666666666667,32.993333333333325,13.662500000000001,25.893,27.316666666666666,2
SI,Slovenia,2024,50-249,5.4,22.66,18.49142857142857,,,45.75,34.066,29.93,26.368000000000002,30.64,4
SI,Slovenia,2025,10-249,2.635,20.325000000000003,16.552142857142858,33.88166666666667,34.62833333333333,31.88333333333333,28.878888888888884,,,31.003333333333337,2
SI,Slovenia,2025,10-49,2.3049999999999997,18.415,15.759642857142856,31.39452380952381,32.05555555555556,29.386666666666667,28.539722222222224,,,28.288333333333334,2
SI,Slovenia,2025,50-249,4.42,30.62,20.461785714285718,46.59714285714286,48.92333333333334,45.44,30.975555555555555,,,43.574999999999996,3
SK,Slovakia,2021,10-249,1.29,4.76,15.576428571428576,36.109,,19.536666666666665,29.378333333333337,,,23.073333333333334,0
SK,Slovakia,2021,10-49,0.7949999999999999,4.245,15.44714285714286,35.076,,18.000000000000004,29.541333333333334,,,23.076666666666668,0
SK,Slovakia,2021,50-249,3.505,7.04,16.702857142857145,40.96333333333333,,26.569999999999997,29.12766666666667,,,23.81833333333333,2
SK,Slovakia,2023,10-249,2.505,6.665,13.800714285714289,27.601428571428574,36.64722222222222,19.326666666666664,30.937,,,26.16333333333333,0
SK,Slovakia,2023,10-49,2.075,6.1850000000000005,14.035714285714283,26.13238095238096,33.766666666666666,17.586666666666666,30.927333333333337,,,24.973333333333336,0
SK,Slovakia,2023,50-249,4.46,8.844999999999999,12.629285714285714,34.247619047619054,49.13166666666667,27.366666666666664,31.255666666666666,,,31.169999999999998,2
SK,Slovakia,2024,10-249,3.665,10.24,14.862142857142857,,,29.8,30.110000000000003,11.0475,21.160999999999994,13.248333333333333,0
SK,Slovakia,2024,10-49,2.855,9.02,14.920357142857142,,,26.633333333333336,29.969,8.1675,18.147,12.236666666666666,0
SK,Slovakia,2024,50-249,7.41,15.865,15.211785714285714,,,44.673333333333325,31.425333333333334,24.562500000000004,26.662,17.086666666666666,2
SK,Slovakia,2025,10-249,4.234999999999999,17.22,14.659285714285716,30.424047619047624,43.49722222222223,27.363333333333333,25.766944444444444,,,24.683333333333337,0
SK,Slovakia,2025,10-49,3.375,15.935,15.027142857142858,28.043571428571433,40.678333333333335,24.80333333333333,25.52555555555556,,,22.493333333333332,0
SK,Slovakia,2025,50-249,8.184999999999999,23.09,13.995714285714286,40.72547619047619,56.31333333333333,39.28666666666667,27.245555555555555,,,33.38666666666666,1
TR,T?rkiye,2021,10-249,0.975,2.57,,20.016,,,29.262333333333334,,,15.286666666666665,0
TR,T?rkiye,2021,10-49,0.8300000000000001,2.395,,18.95366666666667,,,28.922333333333334,,,14.57,0
TR,T?rkiye,2021,50-249,1.855,3.62,,25.558666666666667,,,31.20866666666667,,,18.428333333333335,0
TR,T?rkiye,2023,10-249,2.1799999999999997,5.275,,17.20380952380952,27.598333333333333,,34.11233333333333,,,16.24,0
TR,T?rkiye,2023,10-49,2.0300000000000002,5.07,,16.205952380952382,26.62388888888889,,33.754666666666665,,,15.099999999999998,0
TR,T?rkiye,2023,50-249,3.08,6.515,,22.5647619047619,33.42055555555556,,36.20166666666667,,,21.50333333333333,0
TR,T?rkiye,2024,10-249,2.02,4.06,20.234285714285715,,,,32.803000000000004,9.004999999999999,16.25,11.37,0
TR,T?rkiye,2024,10-49,1.665,3.575,19.97214285714286,,,,32.613,7.4325,16.878999999999998,11.426666666666668,0
TR,T?rkiye,2024,50-249,4.03,6.8100000000000005,21.669642857142858,,,,33.89033333333334,18.182499999999997,15.395000000000001,11.450000000000001,2
TR,T?rkiye,2025,10-249,2.7199999999999998,7.074999999999999,19.35607142857143,19.55071428571429,27.667777777777776,18.26,23.845833333333335,,,16.625,0
TR,T?rkiye,2025,10-49,2.54,6.654999999999999,19.380714285714287,18.274761904761906,26.66888888888889,16.753333333333334,23.83583333333333,,,15.575,0
TR,T?rkiye,2025,50-249,3.76,9.46,19.356428571428573,26.169285714285714,33.724444444444444,26.96666666666667,23.97972222222222,,,21.456666666666667,0
