geo,country,year,size_emp,target_workflow_automation,target_any_ai,security_concern_index,deployment_readiness_index,governance_maturity_proxy,E_AI_BLE,E_AI_BCST,persona_cluster
AL,Albania,2025,10-249,1.0950000000000002,8.685,,,19.87333333333333,,,1
AL,Albania,2025,10-49,1.065,7.925000000000001,,,19.87,,,1
AL,Albania,2025,50-249,1.24,12.705,,,20.330000000000002,,,1
AT,Austria,2021,10-249,2.26,8.18,11.696428571428573,,5.386666666666667,17.1625,15.4175,0
AT,Austria,2021,10-49,1.8050000000000002,7.17,11.40857142857143,,4.536666666666666,16.585,15.0725,0
AT,Austria,2021,50-249,5.165,14.575,13.433571428571428,,8.65,20.3125,17.580000000000002,0
AT,Austria,2023,10-249,3.085,10.105,13.529285714285717,5.859999999999999,10.763333333333334,20.5025,10.5175,0
AT,Austria,2023,10-49,2.565,8.989999999999998,13.352500000000003,4.923333333333333,9.783333333333333,19.8375,10.625,0
AT,Austria,2023,50-249,6.25,16.91,14.904642857142857,11.61,14.85666666666667,24.237500000000004,10.567499999999999,2
AT,Austria,2024,10-249,4.395,19.4,15.650714285714287,,7.536666666666666,24.3575,10.407499999999999,2
AT,Austria,2024,10-49,3.6900000000000004,17.869999999999997,15.05285714285714,,6.69,23.2875,10.350000000000001,2
AT,Austria,2024,50-249,8.86,29.105,19.508214285714285,,11.673333333333334,31.002499999999998,11.3975,2
AT,Austria,2025,10-249,5.8100000000000005,28.775,16.25714285714286,14.983333333333333,7.73,25.805,10.335,2
AT,Austria,2025,10-49,5.12,26.23,16.070714285714285,12.836666666666666,6.1866666666666665,25.5125,10.16,2
AT,Austria,2025,50-249,10.09,44.56,17.798928571428572,28.33,15.15,28.245,11.6425,3
BA,Bosnia and Herzegovina,2021,10-249,0.635,1.935,,,,,,0
BA,Bosnia and Herzegovina,2021,50-249,1.07,1.93,,,,,,0
BA,Bosnia and Herzegovina,2023,10-249,3.21,5.18,,2.81,,,,0
BA,Bosnia and Herzegovina,2023,10-49,3.66,5.47,,2.92,,,,0
BA,Bosnia and Herzegovina,2023,50-249,1.31,3.96,,1.7766666666666666,4.536666666666666,,,0
BA,Bosnia and Herzegovina,2024,10-249,4.18,6.125,,,,,,0
BA,Bosnia and Herzegovina,2024,10-49,4.62,6.45,,,,,,0
BA,Bosnia and Herzegovina,2024,50-249,2.33,4.78,,,11.246666666666668,,,0
BA,Bosnia and Herzegovina,2025,10-249,2.38,10.48,,5.08,6.25,,,0
BA,Bosnia and Herzegovina,2025,50-249,2.3,10.63,,6.94,,,,0
BE,Belgium,2021,10-249,2.54,9.3,12.024285714285712,,13.673333333333332,19.6775,14.5275,0
BE,Belgium,2021,10-49,1.99,8.0,11.754285714285714,,13.326666666666666,19.52,14.522499999999999,0
BE,Belgium,2021,50-249,5.76,16.89,14.002142857142855,,15.579999999999998,22.207500000000003,16.1,1
BE,Belgium,2023,10-249,4.22,12.53,11.3125,8.736666666666666,9.273333333333332,19.3675,11.272499999999999,0
BE,Belgium,2023,10-49,3.27,10.61,10.974285714285713,6.91,7.073333333333333,19.074999999999996,11.38,0
BE,Belgium,2023,50-249,9.39,22.99,12.992500000000001,18.669999999999998,16.610000000000003,21.315,11.515,2
BE,Belgium,2024,10-249,9.12,23.09,12.718571428571428,,17.241666666666667,21.147499999999997,11.595,2
BE,Belgium,2024,10-49,7.66,20.7,12.61535714285714,,14.566666666666665,20.365,12.2425,2
BE,Belgium,2024,50-249,16.87,35.71,13.72535714285714,,26.125,25.1175,9.705,2
BE,Belgium,2025,10-249,9.56,32.97,15.770714285714288,24.173333333333336,11.780000000000001,24.9325,11.7475,2
BE,Belgium,2025,10-49,7.34,28.82,15.59107142857143,19.79,8.346666666666666,24.6625,11.675,2
BE,Belgium,2025,50-249,21.08,54.49,17.305357142857144,46.95000000000001,25.213333333333335,27.310000000000002,12.62,3
BG,Bulgaria,2021,10-249,1.685,3.07,10.786785714285713,,5.046666666666666,14.012500000000001,18.4925,0
BG,Bulgaria,2021,10-49,1.415,2.665,10.546071428571427,,4.3133333333333335,13.9075,18.465,0
BG,Bulgaria,2021,50-249,3.12,5.205,12.133928571428571,,7.213333333333334,14.62,18.645,0
BG,Bulgaria,2023,10-249,1.7349999999999999,3.4299999999999997,11.719999999999999,1.9216666666666669,6.236666666666667,18.835,13.34,0
BG,Bulgaria,2023,10-49,1.505,3.0300000000000002,11.336785714285714,1.6233333333333333,4.776666666666666,19.0125,13.3275,0
BG,Bulgaria,2023,50-249,2.9800000000000004,5.550000000000001,13.408571428571426,3.5066666666666664,10.753333333333332,18.119999999999997,13.4375,0
BG,Bulgaria,2024,10-249,2.74,6.25,12.235,,13.51,17.1975,12.309999999999999,0
BG,Bulgaria,2024,10-49,2.3200000000000003,5.575,12.128928571428572,,4.223333333333334,17.6225,12.175,0
BG,Bulgaria,2024,50-249,5.085,10.025,12.892142857142858,,18.14666666666667,16.23,13.075,0
BG,Bulgaria,2025,10-249,3.55,8.274999999999999,14.364642857142858,4.588333333333333,4.916666666666667,21.08,16.055,0
BG,Bulgaria,2025,10-49,3.13,7.335,14.564999999999998,3.86,4.403333333333333,21.720000000000002,16.315,0
BG,Bulgaria,2025,50-249,5.789999999999999,13.345,13.571428571428571,8.506666666666668,6.756666666666667,18.3875,15.0075,0
CY,Cyprus,2021,10-249,0.795,2.395,13.492857142857144,,17.56,19.130000000000003,16.865,1
CY,Cyprus,2021,10-49,0.53,1.9649999999999999,13.041785714285714,,15.37,18.8825,15.584999999999999,0
CY,Cyprus,2021,50-249,2.605,5.325,15.75964285714286,,24.02333333333333,20.8775,22.39,1
CY,Cyprus,2023,10-249,1.2850000000000001,4.470000000000001,15.695357142857144,3.1766666666666663,15.336666666666666,20.9725,17.3975,1
CY,Cyprus,2023,10-49,1.045,3.77,15.083928571428572,2.5999999999999996,14.486666666666666,20.474999999999998,16.575,1
CY,Cyprus,2023,50-249,2.98,9.43,19.011785714285715,7.239999999999999,18.75,24.1825,21.605000000000004,1
CY,Cyprus,2024,10-249,1.7349999999999999,7.335,14.986785714285714,,18.386666666666667,22.82,14.3975,1
CY,Cyprus,2024,10-49,1.41,6.324999999999999,14.887857142857142,,17.371666666666666,23.4,13.83,1
CY,Cyprus,2024,50-249,3.9450000000000003,14.28,16.125714285714285,,22.313333333333333,21.412499999999998,17.53,1
CY,Cyprus,2025,10-249,2.6950000000000003,8.735,15.116071428571429,6.625,11.39,21.39,12.5825,0
CY,Cyprus,2025,10-49,2.32,7.734999999999999,14.797500000000001,5.621666666666667,10.46,21.457500000000003,12.4675,0
CY,Cyprus,2025,50-249,5.18,15.325,17.210714285714285,13.270000000000001,15.459999999999999,22.1525,13.715,2
CZ,Czechia,2021,10-249,1.02,3.7,,,12.683333333333335,,,0
CZ,Czechia,2021,10-49,0.745,2.8200000000000003,,,10.76,,,0
CZ,Czechia,2021,50-249,2.2350000000000003,7.67,,,16.713333333333335,,,0
CZ,Czechia,2023,10-249,1.455,5.07,,3.2816666666666667,11.483333333333334,,,0
CZ,Czechia,2023,10-49,0.9450000000000001,4.075,,2.686666666666667,9.02,,,0
CZ,Czechia,2023,50-249,3.89,9.829999999999998,,6.123333333333332,17.41,,,1
CZ,Czechia,2024,10-249,2.315,10.26,,,9.4,,,0
CZ,Czechia,2024,10-49,1.885,8.875,,,7.510000000000001,,,0
CZ,Czechia,2024,50-249,4.425,17.045,,,15.326666666666666,,,0
CZ,Czechia,2025,10-249,3.415,16.38,,12.47,9.476666666666667,,,0
CZ,Czechia,2025,10-49,2.6900000000000004,13.635000000000002,,9.973333333333333,7.0200000000000005,,,0
CZ,Czechia,2025,50-249,6.73,28.96,,23.926666666666666,16.79,,,2
DE,Germany,2021,10-249,3.175,9.915,,,7.226666666666667,,,0
DE,Germany,2021,10-49,2.8499999999999996,8.945,,,6.106666666666666,,,0
DE,Germany,2021,50-249,4.82,14.825,,,11.19,,,0
DE,Germany,2023,10-249,3.2350000000000003,10.77,,6.580000000000001,,,,0
DE,Germany,2023,10-49,2.8049999999999997,9.7,,5.526666666666667,,,,0
DE,Germany,2023,50-249,5.39,16.21,6.5475,11.97,13.526666666666666,,,0
DE,Germany,2024,10-249,4.66,18.825000000000003,,,8.286666666666667,,,0
DE,Germany,2024,10-49,3.7699999999999996,16.965000000000003,,,6.726666666666667,,,0
DE,Germany,2024,50-249,9.17,28.275,19.777142857142856,,14.159999999999998,31.4675,13.745000000000001,2
DE,Germany,2025,10-249,6.49,24.965,18.076428571428572,15.729999999999999,9.24,26.955,12.174999999999999,2
DE,Germany,2025,10-49,6.05,23.095,17.724285714285713,13.844999999999999,7.963333333333334,26.330000000000002,11.9125,2
DE,Germany,2025,50-249,8.995000000000001,35.57,20.430714285714284,26.413333333333338,15.063333333333333,30.915,13.872499999999999,3
DK,Denmark,2021,10-249,15.725000000000001,22.615000000000002,12.0555,,13.24,22.47,10.459999999999999,2
DK,Denmark,2021,10-49,13.175,19.744999999999997,11.861500000000001,,11.4,21.587500000000002,10.307500000000001,2
DK,Denmark,2021,50-249,28.7,37.25,13.5425,,20.346666666666668,26.987499999999997,11.695,3
DK,Denmark,2023,10-249,6.55,14.08,,11.700000000000001,14.016666666666666,,,2
DK,Denmark,2023,10-49,5.55,12.37,,10.073333333333332,12.806666666666667,,,0
DK,Denmark,2023,50-249,11.47,22.56,,19.746666666666666,18.52,,,2
DK,Denmark,2024,10-249,10.03,26.43,16.742857142857144,,15.735,32.612500000000004,7.195,2
DK,Denmark,2024,10-49,8.54,23.52,16.57,,13.061666666666667,31.472500000000004,7.15,2
DK,Denmark,2024,50-249,17.44,40.92,18.08785714285714,,22.134999999999998,38.765,7.6274999999999995,3
DK,Denmark,2025,10-249,14.32,40.99,16.691785714285714,32.00666666666667,12.743333333333334,32.980000000000004,7.19,3
DK,Denmark,2025,10-49,12.27,37.45,16.241071428571427,28.276666666666667,10.513333333333334,32.3225,6.9575000000000005,3
DK,Denmark,2025,50-249,24.34,58.27,19.490357142857142,50.24,21.923333333333332,37.3975,8.5525,3
EA,Euro area,2021,10-249,2.5949999999999998,7.775,,,8.37,,,0
EA,Euro area,2021,10-49,2.165,6.775,,,7.453333333333333,,,0
EA,Euro area,2021,50-249,5.25,13.885,,,11.83,,,0
EA,Euro area,2023,10-249,2.7699999999999996,8.195,14.086428571428572,5.140000000000001,9.083333333333334,20.967499999999998,14.1075,0
EA,Euro area,2023,10-49,2.2699999999999996,7.125,14.05642857142857,4.191666666666666,7.756666666666668,20.6475,14.395,0
EA,Euro area,2023,50-249,5.720000000000001,14.530000000000001,14.7075,10.756666666666666,13.873333333333333,22.9575,13.492499999999998,2
EA,Euro area,2024,10-249,3.89,13.594999999999999,15.397857142857143,,8.516666666666666,24.075000000000003,11.39,2
EA,Euro area,2024,10-49,3.185,12.065,14.971428571428572,,7.173333333333333,23.2975,10.9875,0
EA,Euro area,2024,50-249,8.055,22.630000000000003,17.765357142857145,,13.923333333333332,28.195,13.45,2
EA,Euro area,2025,10-249,5.050000000000001,20.4,16.277142857142856,13.46,8.126666666666667,24.560000000000002,13.4225,2
EA,Euro area,2025,10-49,4.404999999999999,18.42,16.0625,11.546666666666667,6.633333333333333,24.182499999999997,13.315,2
EA,Euro area,2025,50-249,9.0,32.515,17.9275,25.191666666666663,14.829999999999998,27.3175,14.4575,3
EE,Estonia,2021,10-249,0.515,2.39,12.8875,,6.963333333333334,17.485,16.1525,0
EE,Estonia,2021,10-49,0.2,1.83,12.846785714285712,,4.746666666666667,17.13,16.21,0
EE,Estonia,2021,50-249,2.165,5.34,13.123214285714285,,11.476666666666667,19.155,15.95,0
EE,Estonia,2023,10-249,1.09,4.79,10.809285714285716,2.966666666666667,10.026666666666666,19.0025,14.762500000000001,0
EE,Estonia,2023,10-49,0.725,4.17,10.764642857142857,2.3183333333333334,8.0,19.194999999999997,15.5175,0
EE,Estonia,2023,50-249,3.0300000000000002,8.095,11.371071428571428,6.396666666666666,16.23,19.287499999999998,13.415000000000001,0
EE,Estonia,2024,10-249,2.535,13.42,15.011785714285717,,9.443333333333333,18.9275,12.805,0
EE,Estonia,2024,10-49,2.075,12.285,14.668214285714287,,8.67,17.6275,12.68,0
EE,Estonia,2024,50-249,4.925000000000001,19.39,16.781785714285714,,12.583333333333334,23.78,13.7925,2
EE,Estonia,2025,10-249,3.02,22.905,,17.94666666666667,9.433333333333332,,,2
EE,Estonia,2025,10-49,2.245,20.99,,15.948333333333332,8.333333333333334,,,2
EE,Estonia,2025,50-249,7.115,33.120000000000005,,28.588333333333328,14.13,,,2
EL,Greece,2021,10-249,0.965,2.5149999999999997,12.43392857142857,,12.223333333333334,17.405,17.802500000000002,0
EL,Greece,2021,10-49,0.705,1.98,12.783928571428572,,11.156666666666668,18.142500000000002,17.314999999999998,0
EL,Greece,2021,50-249,3.45,7.575,10.684642857142858,,16.003333333333334,13.495000000000001,21.1925,0
EL,Greece,2023,10-249,1.795,3.84,14.161785714285715,2.2466666666666666,18.05,23.075000000000003,14.1825,1
EL,Greece,2023,10-49,1.665,3.565,14.542857142857143,1.9416666666666667,17.650000000000002,23.43,14.5175,1
EL,Greece,2023,50-249,2.68,5.6850000000000005,12.121071428571428,4.306666666666666,20.043333333333333,21.2625,12.3925,0
EL,Greece,2024,10-249,3.16,9.68,11.811071428571427,,16.91833333333333,18.435,12.725000000000001,0
EL,Greece,2024,10-49,1.855,8.355,11.250357142857144,,12.913333333333336,17.8525,11.89,0
EL,Greece,2024,50-249,9.33,15.92,14.288571428571428,,26.941666666666663,21.0275,16.395,1
EL,Greece,2025,10-249,1.7,8.559999999999999,15.137142857142857,5.47,20.823333333333334,20.6975,18.25,1
EL,Greece,2025,10-49,1.35,7.38,15.054285714285713,4.391666666666667,19.673333333333336,19.95,17.99,1
EL,Greece,2025,50-249,3.625,15.195,15.685714285714283,11.535000000000002,25.44666666666667,24.515,19.682499999999997,1
ES,Spain,2021,10-249,2.64,7.085,12.317499999999999,,7.510000000000001,20.032500000000002,17.740000000000002,0
ES,Spain,2021,10-49,2.11,6.125,12.764642857142857,,6.706666666666667,20.595,18.619999999999997,0
ES,Spain,2021,50-249,6.115,13.399999999999999,11.638214285714286,,10.633333333333333,19.45,15.995,0
ES,Spain,2023,10-249,2.835,8.305,13.84,4.783333333333333,9.133333333333335,22.785,19.4025,0
ES,Spain,2023,10-49,1.9849999999999999,6.43,14.190357142857144,3.4066666666666667,7.493333333333333,22.682499999999997,20.095,0
ES,Spain,2023,50-249,7.9350000000000005,19.59,12.58357142857143,13.069999999999999,14.186666666666667,23.655,16.755,2
ES,Spain,2024,10-249,3.815,10.34,13.722142857142856,6.635000000000001,13.526666666666667,23.822499999999998,14.1125,0
ES,Spain,2024,10-49,2.88,8.600000000000001,13.478214285714285,5.133333333333334,12.471666666666666,23.514999999999997,13.897499999999999,0
ES,Spain,2024,50-249,9.3,20.585,15.418571428571429,15.486666666666666,17.40833333333333,26.365000000000002,15.75,2
ES,Spain,2025,10-249,6.05,19.225,16.589285714285715,12.176666666666668,7.0,28.049999999999997,16.1425,2
ES,Spain,2025,10-49,5.38,17.265,16.42642857142857,10.236666666666666,5.253333333333333,28.0375,15.725,2
ES,Spain,2025,50-249,9.780000000000001,30.165,17.899285714285714,23.02,14.01,29.135,18.52,3
EU27_2020,EU-27,2021,10-249,2.53,7.109999999999999,,,8.543333333333333,,,0
EU27_2020,EU-27,2021,10-49,2.1,6.18,,,7.613333333333332,,,0
EU27_2020,EU-27,2021,50-249,5.085,12.59,,,11.933333333333335,,,0
EU27_2020,EU-27,2023,10-249,2.605,7.42,13.785714285714286,4.763333333333334,9.03,20.59,13.8725,0
EU27_2020,EU-27,2023,10-49,2.13,6.45,13.779642857142859,3.9016666666666673,7.723333333333334,20.3375,14.17,0
EU27_2020,EU-27,2023,50-249,5.35,13.09,14.266785714285716,9.763333333333334,13.610000000000001,22.23,13.21,2
EU27_2020,EU-27,2024,10-249,3.72,12.705,14.784285714285714,,8.360000000000001,23.3225,10.9775,0
EU27_2020,EU-27,2024,10-49,3.05,11.275,14.421071428571429,,7.023333333333333,22.665,10.577499999999999,0
EU27_2020,EU-27,2024,50-249,7.635,21.009999999999998,16.83892857142857,,13.613333333333335,26.85,12.98,2
EU27_2020,EU-27,2025,10-249,4.805,18.994999999999997,15.763214285714284,12.686666666666667,7.983333333333333,23.9275,13.0675,2
EU27_2020,EU-27,2025,10-49,4.154999999999999,17.095,15.570357142857144,10.846666666666666,6.489999999999999,23.5775,12.912500000000001,2
EU27_2020,EU-27,2025,50-249,8.68,30.405,17.215357142857147,23.735,14.450000000000001,26.402500000000003,14.245000000000001,3
FI,Finland,2021,10-249,7.66,14.62,12.563928571428573,,6.6866666666666665,21.11,14.299999999999999,0
FI,Finland,2021,10-49,6.22,12.37,12.18857142857143,,5.613333333333333,20.2825,13.8775,0
FI,Finland,2021,50-249,15.33,26.66,14.775000000000002,,10.486666666666666,25.552500000000002,16.8175,2
FI,Finland,2023,10-249,7.56,13.83,14.907142857142858,11.406666666666666,10.626666666666667,26.12,11.23,2
FI,Finland,2023,10-49,5.66,11.48,14.533928571428572,9.053333333333333,8.67,25.937500000000004,11.0075,2
FI,Finland,2023,50-249,17.66,26.4,17.3825,23.97,17.233333333333334,28.5775,12.8525,3
FI,Finland,2024,10-249,9.37,22.81,,,9.866666666666667,,,2
FI,Finland,2024,10-49,7.72,20.02,,,7.563333333333335,,,2
FI,Finland,2024,50-249,18.15,37.67,,,18.666666666666668,,,2
FI,Finland,2025,10-249,13.78,36.41,17.374642857142856,27.813333333333333,10.58,28.0675,11.155,3
FI,Finland,2025,10-49,11.75,33.51,16.969285714285714,24.606666666666666,8.819999999999999,27.872500000000002,10.770000000000001,3
FI,Finland,2025,50-249,24.25,51.35,19.867500000000003,44.336666666666666,18.146666666666665,29.775000000000002,13.3925,3
FR,France,2021,10-249,1.77,6.0600000000000005,,,6.676666666666666,,,0
FR,France,2021,10-49,1.41,5.0649999999999995,,,6.223333333333334,,,0
FR,France,2021,50-249,4.295,13.08,,,8.533333333333333,,,0
FR,France,2023,10-249,1.775,5.48,,3.2083333333333335,6.699999999999999,,,0
FR,France,2023,10-49,1.51,4.755,,2.6133333333333333,5.236666666666666,,,0
FR,France,2023,50-249,3.495,10.175,,7.053333333333334,11.836666666666666,,,0
FR,France,2024,10-249,2.9450000000000003,9.27,,,7.383333333333333,,,0
FR,France,2024,10-49,2.795,8.530000000000001,,,7.1499999999999995,,,0
FR,France,2024,50-249,3.995,14.545,,,,,,0
FR,France,2025,10-249,3.9000000000000004,17.04,,9.931666666666667,6.3566666666666665,,,0
FR,France,2025,10-49,3.415,15.07,,8.183333333333334,5.253333333333333,,,0
FR,France,2025,50-249,7.28,30.81,,22.150000000000002,11.556666666666667,,,2
HR,Croatia,2021,10-249,2.95,8.495000000000001,12.465714285714284,,8.270000000000001,16.41,19.8875,0
HR,Croatia,2021,10-49,2.625,8.254999999999999,12.188571428571427,,8.443333333333333,15.2675,19.459999999999997,0
HR,Croatia,2021,50-249,4.82,9.870000000000001,13.815357142857144,,7.44,21.3575,21.985,1
HR,Croatia,2023,10-249,1.58,7.695,14.099642857142857,4.965,2.0833333333333335,19.675,20.255,0
HR,Croatia,2023,10-49,1.165,7.130000000000001,14.241428571428571,4.3950000000000005,1.9233333333333331,19.935,20.455000000000002,0
HR,Croatia,2023,50-249,4.12,11.17,13.427857142857144,8.453333333333333,2.7899999999999996,18.4175,19.3075,0
HR,Croatia,2024,10-249,2.795,11.365,14.813571428571427,9.075,8.636666666666667,20.785,18.4375,0
HR,Croatia,2024,10-49,2.21,10.57,14.993928571428572,8.36,8.1,20.695,18.3925,0
HR,Croatia,2024,50-249,6.57,16.49,14.074285714285717,13.69,11.283333333333333,21.4875,18.892500000000002,1
HR,Croatia,2025,10-249,2.45,14.555,14.907142857142857,10.475,9.853333333333333,19.2,19.77,1
HR,Croatia,2025,10-49,1.71,12.809999999999999,15.010714285714286,8.813333333333333,9.253333333333334,18.595,19.8675,1
HR,Croatia,2025,50-249,7.11,25.5,15.567499999999999,20.900000000000002,12.793333333333335,22.6975,20.7825,1
HU,Hungary,2021,10-249,1.0550000000000002,2.785,9.798214285714286,,6.496666666666667,16.2425,16.6875,0
HU,Hungary,2021,10-49,0.975,2.625,9.7975,,6.56,16.8725,16.7225,0
HU,Hungary,2021,50-249,1.525,3.8049999999999997,10.018928571428571,,6.25,14.2425,16.93,0
HU,Hungary,2023,10-249,1.4249999999999998,3.385,13.301428571428572,2.43,7.546666666666667,18.975,15.290000000000001,0
HU,Hungary,2023,10-49,1.19,3.0549999999999997,13.771428571428572,2.1266666666666665,8.036666666666667,19.75,15.235,0
HU,Hungary,2023,50-249,2.99,5.59,10.989999999999998,4.426666666666667,5.849999999999999,15.145,15.665000000000001,0
HU,Hungary,2024,10-249,2.33,7.119999999999999,12.769285714285715,5.955,6.628333333333334,19.425,12.3875,0
HU,Hungary,2024,10-49,2.145,6.654999999999999,12.875357142857142,5.505,6.238333333333333,19.44,12.345,0
HU,Hungary,2024,50-249,3.54,10.129999999999999,12.619285714285715,8.885,9.98,19.825,12.8775,0
HU,Hungary,2025,10-249,3.535,9.89,14.019642857142857,6.510000000000001,4.636666666666666,20.37,13.3225,0
HU,Hungary,2025,10-49,3.245,9.015,13.9675,5.646666666666666,4.090000000000001,19.865,12.49,0
HU,Hungary,2025,50-249,5.41,15.6,14.461428571428574,12.128333333333332,7.06,23.2875,17.8875,0
IE,Ireland,2021,10-249,2.535,7.23,,,7.826666666666667,,,0
IE,Ireland,2021,10-49,1.91,6.109999999999999,,,8.386666666666667,,,0
IE,Ireland,2021,50-249,5.86,13.19,,,6.656666666666666,,,0
IE,Ireland,2023,10-249,3.8,7.225,,5.173333333333333,7.653333333333333,,,0
IE,Ireland,2023,10-49,2.29,5.3149999999999995,,3.7166666666666663,3.6799999999999997,,,0
IE,Ireland,2023,50-249,12.175,17.795,,13.26,16.61,,,2
IE,Ireland,2024,10-249,5.550000000000001,13.95,,,9.726666666666665,,,0
IE,Ireland,2024,10-49,4.28,11.89,,,10.729999999999999,,,0
IE,Ireland,2024,50-249,12.34,24.97,,,7.326666666666667,,,2
IE,Ireland,2025,10-249,5.29,18.59,,14.38,10.806666666666667,,,2
IE,Ireland,2025,10-49,4.27,16.985,,12.780000000000001,8.376666666666667,,,0
IE,Ireland,2025,50-249,11.465,28.33,,24.106666666666666,21.61,,,2
IT,Italy,2021,10-249,1.71,5.88,,,9.389999999999999,,,0
IT,Italy,2021,10-49,1.51,5.39,,,8.116666666666667,,,0
IT,Italy,2021,50-249,3.435,10.035,,,15.959999999999999,,,0
IT,Italy,2023,10-249,1.855,4.695,11.983214285714284,2.891666666666667,7.803333333333334,15.5825,14.312500000000002,0
IT,Italy,2023,10-49,1.685,4.375,12.233571428571427,2.605,7.403333333333333,15.41,15.0775,0
IT,Italy,2023,50-249,3.28,7.305,11.536785714285713,5.283333333333334,10.049999999999999,17.15,11.780000000000001,0
IT,Italy,2024,10-249,2.085,7.78,,,6.486666666666667,,,0
IT,Italy,2024,10-49,1.78,6.93,,,5.48,,,0
IT,Italy,2024,50-249,4.605,14.725000000000001,,,11.236666666666665,,,0
IT,Italy,2025,10-249,2.575,15.805,14.025714285714285,11.579999999999998,4.416666666666667,19.0975,14.04,0
IT,Italy,2025,10-49,2.185,14.335,14.113214285714287,10.200000000000001,3.126666666666667,18.9025,14.3475,0
IT,Italy,2025,50-249,5.71,27.665,14.195000000000002,22.708333333333332,11.243333333333334,21.1525,12.945,2
LT,Lithuania,2021,10-249,1.99,3.98,14.851785714285713,,10.683333333333335,15.065,22.939999999999998,1
LT,Lithuania,2021,10-49,1.6,3.18,14.84142857142857,,9.073333333333332,15.0,22.797500000000003,1
LT,Lithuania,2021,50-249,3.81,7.71,15.20535714285714,,14.426666666666668,15.5875,23.897499999999997,1
LT,Lithuania,2023,10-249,2.11,4.39,16.02392857142857,3.1466666666666665,7.366666666666667,18.995,22.537499999999998,1
LT,Lithuania,2023,10-49,1.65,3.4,16.281785714285714,2.24,5.41,18.955,23.474999999999998,1
LT,Lithuania,2023,50-249,4.16,8.78,15.229285714285714,7.21,11.436666666666667,19.3275,19.3275,1
LT,Lithuania,2024,10-249,3.9,8.01,17.505,,7.796666666666667,24.36,18.38,1
LT,Lithuania,2024,10-49,3.26,6.51,17.20678571428572,,5.206666666666667,24.4775,18.585,1
LT,Lithuania,2024,50-249,6.95,15.11,18.98428571428571,,14.343333333333334,24.4375,18.02,1
LT,Lithuania,2025,10-249,7.89,20.25,,15.37,11.736666666666666,,,2
LT,Lithuania,2025,10-49,6.72,18.06,,12.78,10.6,,,2
LT,Lithuania,2025,50-249,13.32,30.36,,27.336666666666662,15.946666666666667,,,2
LU,Luxembourg,2021,10-249,2.825,12.215,,,6.260000000000001,,,0
LU,Luxembourg,2021,10-49,2.55,11.635,,,5.6066666666666665,,,0
LU,Luxembourg,2021,50-249,4.1,14.915,,,8.793333333333333,,,0
LU,Luxembourg,2023,10-249,3.0999999999999996,13.565,,7.035,7.8933333333333335,,,0
LU,Luxembourg,2023,10-49,2.42,12.32,,5.94,7.276666666666666,,,0
LU,Luxembourg,2023,50-249,6.445,19.68,,12.363333333333335,10.229999999999999,,,2
LU,Luxembourg,2024,10-249,5.5600000000000005,23.085,14.442499999999999,,8.186666666666666,21.705000000000002,12.3075,2
LU,Luxembourg,2024,10-49,5.145,21.255000000000003,14.40392857142857,,7.043333333333333,21.9175,12.9075,2
LU,Luxembourg,2024,50-249,7.5649999999999995,31.88,14.904285714285717,,12.593333333333334,21.425,10.385,2
LU,Luxembourg,2025,10-249,6.96,32.945,16.772142857142857,18.326666666666668,8.963333333333333,26.340000000000003,13.217500000000001,2
LU,Luxembourg,2025,10-49,6.23,30.67,16.764999999999997,16.325,7.696666666666666,26.8475,13.0325,2
LU,Luxembourg,2025,50-249,10.41,43.715,17.293928571428573,27.77333333333333,14.056666666666667,25.19,14.302500000000002,3
LV,Latvia,2021,10-249,1.47,3.41,9.253571428571428,,10.253333333333334,12.01,16.7475,0
LV,Latvia,2021,10-49,1.22,2.79,8.660357142857142,,12.040000000000001,12.9675,16.365,0
LV,Latvia,2021,50-249,2.83,6.75,11.626428571428571,,6.376666666666668,8.8225,18.5325,0
LV,Latvia,2023,10-249,1.1,4.14,12.889285714285714,3.0766666666666667,3.973333333333334,17.22,17.88,0
LV,Latvia,2023,10-49,0.88,3.47,12.885000000000002,2.563333333333333,3.3833333333333333,16.4925,18.0225,0
LV,Latvia,2023,50-249,2.45,8.27,13.42357142857143,6.19,5.773333333333333,20.5625,18.07,0
LV,Latvia,2024,10-249,2.22,8.24,12.899285714285714,,5.763333333333333,20.445,13.305,0
LV,Latvia,2024,10-49,1.92,7.24,13.043928571428571,,4.760000000000001,21.36,13.5825,0
LV,Latvia,2024,50-249,3.87,13.65,12.94285714285714,,9.219999999999999,18.1525,12.91,0
LV,Latvia,2025,10-249,3.44,11.33,15.781071428571428,8.75,8.793333333333335,20.8875,13.5725,0
LV,Latvia,2025,10-49,2.95,9.77,15.768928571428573,7.346666666666667,6.9366666666666665,21.127500000000005,13.594999999999999,0
LV,Latvia,2025,50-249,6.04,19.78,15.899642857142856,16.336666666666666,15.073333333333332,19.447499999999998,13.4925,2
ME,Montenegro,2021,10-249,1.3849999999999998,3.2800000000000002,,,6.016666666666667,,,0
ME,Montenegro,2021,10-49,1.65,3.715,,,6.396666666666667,,,0
ME,Montenegro,2021,50-249,0.0,1.03,,,0.0,,,0
ME,Montenegro,2023,10-249,2.37,5.5,,2.675,,,,0
ME,Montenegro,2023,10-49,2.34,4.76,,2.1950000000000003,,,,0
ME,Montenegro,2024,10-249,3.36,7.9,,,,,,0
ME,Montenegro,2024,10-49,3.28,,,,,,,0
ME,Montenegro,2025,10-249,2.03,10.01,,5.609999999999999,,,,0
ME,Montenegro,2025,10-49,1.97,,,5.6066666666666665,,,,0
MK,North Macedonia,2021,10-249,1.04,,,,4.34,,,0
MK,North Macedonia,2021,10-49,1.1099999999999999,,,,3.546666666666667,,,0
MK,North Macedonia,2021,50-249,0.605,,,,7.526666666666666,,,0
MT,Malta,2021,10-249,4.0600000000000005,10.02,15.213928571428573,,14.700000000000001,21.590000000000003,17.740000000000002,1
MT,Malta,2021,10-49,3.3099999999999996,8.469999999999999,15.544285714285715,,14.183333333333335,22.035,18.3425,1
MT,Malta,2021,50-249,7.86,17.905,13.909285714285716,,17.01666666666667,19.8575,15.2675,2
MT,Malta,2023,10-249,4.5600000000000005,12.690000000000001,15.908928571428573,8.35,12.88,24.192500000000003,17.5375,1
MT,Malta,2023,10-49,4.09,10.885,15.483571428571429,7.001666666666668,10.396666666666667,23.9775,16.2925,1
MT,Malta,2023,50-249,6.71,21.035,17.89392857142857,14.57,20.476666666666667,25.575,22.65,1
MT,Malta,2024,10-249,6.125,16.450000000000003,17.12607142857143,,13.963333333333331,25.16,20.020000000000003,1
MT,Malta,2024,10-49,5.34,14.475000000000001,16.819999999999997,,9.655,24.332500000000003,19.79,1
MT,Malta,2024,50-249,9.83,25.735,18.726428571428574,,22.358333333333334,29.0075,21.3775,1
MT,Malta,2025,10-249,6.345,20.47,12.480357142857144,14.931666666666667,10.893333333333333,20.6725,14.365000000000002,2
MT,Malta,2025,10-49,5.285,18.2,11.843928571428574,12.753333333333332,8.723333333333334,19.645,13.445,0
MT,Malta,2025,50-249,11.135,30.735,15.284999999999998,24.778333333333336,18.236666666666668,25.2175,18.2425,3
NL,Netherlands,2021,10-249,5.74,12.1,10.840357142857142,,13.579999999999998,20.862499999999997,12.74,0
NL,Netherlands,2021,10-49,4.55,10.1,10.584285714285715,,12.253333333333332,20.830000000000002,12.367500000000001,0
NL,Netherlands,2021,50-249,11.33,21.44,11.985714285714284,,17.94333333333333,21.8,14.280000000000001,2
NL,Netherlands,2023,10-249,4.92,13.11,11.783214285714285,9.946666666666665,10.963333333333333,22.497500000000002,10.782499999999999,0
NL,Netherlands,2023,10-49,4.13,11.75,11.608214285714286,8.473333333333334,9.423333333333334,22.195,10.632499999999999,0
NL,Netherlands,2023,50-249,8.78,19.75,12.650714285714285,17.103333333333335,16.38,24.0425,11.54,2
NL,Netherlands,2024,10-249,5.57,21.9,11.99892857142857,19.98,9.086666666666666,23.7725,6.585,2
NL,Netherlands,2024,10-49,4.75,19.96,11.176428571428572,18.06,7.563333333333335,22.624999999999996,6.5775,2
NL,Netherlands,2024,50-249,9.49,31.19,15.28535714285714,29.14,14.803333333333335,28.862500000000004,7.0625,3
NL,Netherlands,2025,10-249,7.59,31.87,13.125357142857142,25.23,9.756666666666666,26.384999999999998,7.175,2
NL,Netherlands,2025,10-49,6.19,28.76,12.552142857142856,21.810000000000002,7.653333333333333,26.027499999999996,7.194999999999999,2
NL,Netherlands,2025,50-249,14.25,46.62,15.839642857142858,41.47,17.726666666666667,28.845,7.4075,3
NO,Norway,2021,10-249,5.795,10.195,10.018214285714288,,9.263333333333334,17.3,12.23,0
NO,Norway,2021,10-49,4.81,8.95,9.594999999999999,,7.989999999999999,16.405,11.66,0
NO,Norway,2021,50-249,12.645,18.895,12.366428571428571,,14.793333333333335,21.987500000000004,15.3025,2
NO,Norway,2023,10-249,3.84,8.605,13.463571428571427,4.955,10.056666666666667,21.9875,10.175,0
NO,Norway,2023,10-49,3.0,7.17,13.697142857142856,3.936666666666667,8.139999999999999,22.03,10.022499999999999,0
NO,Norway,2023,50-249,9.32,17.89,12.650714285714287,11.573333333333332,16.80666666666667,22.32,11.1675,2
NO,Norway,2024,10-249,9.025,20.229999999999997,11.14,,14.758333333333333,21.547500000000003,7.3875,2
NO,Norway,2024,10-49,8.34,18.67,10.744285714285713,,15.05,21.607499999999998,7.390000000000001,2
NO,Norway,2024,50-249,13.344999999999999,30.13,13.376785714285713,,14.636666666666667,22.407500000000002,7.755000000000001,2
NO,Norway,2025,10-249,9.06,28.19,12.913928571428572,19.041666666666668,12.483333333333334,26.502499999999998,7.2025,2
NO,Norway,2025,10-49,8.03,25.45,12.217500000000001,16.513333333333335,11.416666666666666,26.1375,6.5874999999999995,2
NO,Norway,2025,50-249,15.530000000000001,45.45,17.07357142857143,34.99333333333333,18.05,29.5675,10.7175,3
PL,Poland,2021,10-249,1.17,2.37,12.318214285714285,,6.353333333333333,16.6225,20.612500000000004,0
PL,Poland,2021,10-49,0.865,1.895,12.86107142857143,,5.239999999999999,17.1825,20.904999999999998,0
PL,Poland,2021,50-249,2.835,4.965,11.002142857142857,,8.996666666666666,15.344999999999999,20.135,0
PL,Poland,2023,10-249,1.5,2.93,12.215,2.223333333333333,8.246666666666668,17.6,15.992500000000001,0
PL,Poland,2023,10-49,1.12,2.2649999999999997,12.363571428571431,1.6783333333333335,6.923333333333333,18.419999999999998,16.725,0
PL,Poland,2023,50-249,3.5300000000000002,6.5,11.983928571428573,5.133333333333334,11.266666666666667,15.5025,14.1225,0
PL,Poland,2024,10-249,1.895,4.955,12.304285714285713,,14.908333333333333,16.125,14.46,0
PL,Poland,2024,10-49,1.35,3.96,12.405714285714284,,14.041666666666668,15.9575,14.0275,0
PL,Poland,2024,50-249,4.87,10.425,12.374285714285715,,17.25166666666667,17.1075,16.17,0
PL,Poland,2025,10-249,1.795,7.140000000000001,12.758214285714287,5.195,7.543333333333332,17.567500000000003,15.3075,0
PL,Poland,2025,10-49,1.26,5.84,12.509285714285713,4.04,5.960000000000001,17.5075,14.600000000000001,0
PL,Poland,2025,50-249,4.925000000000001,14.805,13.988214285714287,12.008333333333333,12.376666666666665,18.1975,18.3075,1
PT,Portugal,2021,10-249,2.45,6.76,14.265357142857145,,13.776666666666664,17.817500000000003,18.885,1
PT,Portugal,2021,10-49,1.77,5.404999999999999,14.003214285714284,,14.770000000000001,17.537499999999998,18.535,1
PT,Portugal,2021,50-249,5.85,13.52,15.488571428571428,,12.393333333333333,19.197499999999998,20.52,1
PT,Portugal,2023,10-249,2.815,7.36,15.069642857142858,4.728333333333333,12.699999999999998,19.494999999999997,19.517500000000002,1
PT,Portugal,2023,10-49,1.885,5.869999999999999,15.092142857142855,3.485,10.166666666666666,19.415,19.939999999999998,1
PT,Portugal,2023,50-249,8.59,16.58,15.222499999999998,12.436666666666667,20.50666666666667,20.195,17.875,1
PT,Portugal,2024,10-249,3.145,7.955,17.564285714285713,,16.328333333333333,22.695,19.175,1
PT,Portugal,2024,10-49,2.48,6.734999999999999,17.29392857142857,,14.704999999999998,22.97,19.16,1
PT,Portugal,2024,50-249,7.235,15.445,19.420357142857142,,22.188333333333333,22.365000000000002,19.9775,1
PT,Portugal,2025,10-249,3.44,10.719999999999999,18.823928571428574,7.476666666666667,10.430000000000001,25.930000000000003,21.0275,1
PT,Portugal,2025,10-49,2.84,9.49,18.60107142857143,6.176666666666667,8.506666666666666,26.357499999999998,21.065,1
PT,Portugal,2025,50-249,7.130000000000001,18.259999999999998,20.50357142857143,15.479999999999999,18.006666666666668,24.782500000000002,21.56,1
RO,Romania,2021,10-249,0.5449999999999999,1.255,,,17.756666666666664,,,0
RO,Romania,2021,10-49,0.46499999999999997,1.12,,,20.243333333333336,,,1
RO,Romania,2021,50-249,0.975,1.95,,,10.370000000000001,,,0
RO,Romania,2023,10-249,0.51,1.28,,0.8933333333333334,5.7799999999999985,,,0
RO,Romania,2023,10-49,0.39,1.07,,0.7933333333333333,3.809999999999999,,,0
RO,Romania,2023,50-249,1.15,2.38,,1.4266666666666667,10.816666666666665,,,0
RO,Romania,2024,10-249,0.925,2.79,,,10.616666666666667,,,0
RO,Romania,2024,10-49,0.745,2.585,,,10.853333333333333,,,0
RO,Romania,2024,50-249,1.9,3.885,,,9.816666666666665,,,0
RO,Romania,2025,10-249,1.89,4.6899999999999995,,3.0933333333333337,7.156666666666667,,,0
RO,Romania,2025,10-49,1.6549999999999998,4.140000000000001,,2.6566666666666667,6.173333333333335,,,0
RO,Romania,2025,50-249,3.225,7.805,,5.526666666666667,10.463333333333333,,,0
RS,Serbia,2021,10-249,0.44,0.77,,,7.713333333333334,,,0
RS,Serbia,2021,10-49,0.08,0.24,,,7.646666666666666,,,0
RS,Serbia,2021,50-249,1.9,2.96,,,8.036666666666667,,,0
RS,Serbia,2023,10-249,0.49,1.72,,1.3866666666666667,9.156666666666668,,,0
RS,Serbia,2023,10-49,0.45,1.71,,1.39,9.683333333333334,,,0
RS,Serbia,2023,50-249,0.67,1.78,,1.3800000000000001,7.013333333333333,,,0
RS,Serbia,2024,10-249,1.8,6.64,,,2.1,,,0
RS,Serbia,2024,10-49,1.55,5.91,,,0.0,,,0
RS,Serbia,2024,50-249,2.8,9.55,,,7.696666666666668,,,0
RS,Serbia,2025,10-249,1.86,9.76,,6.2700000000000005,1.3566666666666667,,,0
RS,Serbia,2025,10-49,1.64,9.43,,5.960000000000001,0.3666666666666667,,,0
RS,Serbia,2025,50-249,2.75,11.07,,7.5,4.846666666666667,,,0
SE,Sweden,2021,10-249,3.995,9.14,11.005357142857141,,12.423333333333334,20.41,8.7725,0
SE,Sweden,2021,10-49,3.2,7.654999999999999,10.42,,10.593333333333334,19.849999999999998,7.885,0
SE,Sweden,2021,50-249,8.795,18.115000000000002,13.806071428571428,,18.893333333333334,23.9175,12.355,2
SE,Sweden,2023,10-249,4.135,9.440000000000001,12.3225,7.4383333333333335,8.23,20.800000000000004,9.505,0
SE,Sweden,2023,10-49,3.615,8.71,12.182142857142859,6.541666666666667,7.103333333333332,20.0125,9.4125,0
SE,Sweden,2023,50-249,7.06,13.515,13.703928571428573,12.453333333333333,12.806666666666667,24.775000000000002,10.535,2
SE,Sweden,2024,10-249,7.475,24.035,12.484642857142857,,6.02,24.259999999999998,5.9975,2
SE,Sweden,2024,10-49,6.35,22.130000000000003,11.930000000000001,,4.566666666666666,24.17,4.93,2
SE,Sweden,2024,50-249,13.64,34.53,15.299999999999999,,12.223333333333334,25.8225,10.515,2
SE,Sweden,2025,10-249,7.9350000000000005,33.68,13.121785714285712,23.63333333333333,8.003333333333332,23.38,7.8100000000000005,2
SE,Sweden,2025,10-49,6.6899999999999995,30.795,12.902499999999998,20.44,6.1000000000000005,22.192500000000003,6.602499999999999,2
SE,Sweden,2025,50-249,14.83,49.644999999999996,14.738214285714287,41.295,16.406666666666666,29.362499999999997,12.9575,3
SI,Slovenia,2021,10-249,1.9,11.030000000000001,12.804642857142856,,27.676666666666666,18.3675,19.947499999999998,1
SI,Slovenia,2021,10-49,1.6549999999999998,9.45,12.135000000000002,,26.953333333333333,16.7775,20.165000000000003,1
SI,Slovenia,2021,50-249,3.27,19.84,15.745714285714286,,31.710000000000004,25.055000000000003,19.595,1
SI,Slovenia,2023,10-249,2.13,10.344999999999999,13.534285714285714,5.1866666666666665,27.12666666666667,16.1175,16.525000000000002,1
SI,Slovenia,2023,10-49,1.75,9.035,13.36,3.896666666666667,25.196666666666662,15.547500000000001,15.485000000000001,1
SI,Slovenia,2023,50-249,4.025,16.9,14.482142857142858,11.636666666666665,34.14666666666667,18.525,20.6175,1
SI,Slovenia,2024,10-249,3.76,20.03,16.506071428571428,,27.893333333333334,21.04,14.969999999999999,1
SI,Slovenia,2024,10-49,3.435,19.515,16.582857142857144,,27.316666666666666,20.2775,15.5225,1
SI,Slovenia,2024,50-249,5.4,22.66,18.49142857142857,,30.64,25.715,15.575000000000001,1
SI,Slovenia,2025,10-249,2.635,20.325000000000003,16.552142857142858,12.623333333333335,16.886666666666667,23.325,14.200000000000001,1
SI,Slovenia,2025,10-49,2.3049999999999997,18.415,15.759642857142856,10.886666666666668,14.993333333333332,23.04,13.3175,2
SI,Slovenia,2025,50-249,4.42,30.62,20.461785714285718,21.959999999999997,24.853333333333335,25.66,18.332500000000003,1
SK,Slovakia,2021,10-249,1.29,4.76,15.576428571428576,,6.2700000000000005,18.18,23.71,1
SK,Slovakia,2021,10-49,0.7949999999999999,4.245,15.44714285714286,,6.876666666666666,18.1325,22.572499999999998,1
SK,Slovakia,2021,50-249,3.505,7.04,16.702857142857145,,4.6433333333333335,19.235,27.845000000000002,1
SK,Slovakia,2023,10-249,2.505,6.665,13.800714285714289,4.591666666666666,9.423333333333334,17.735,19.490000000000002,0
SK,Slovakia,2023,10-49,2.075,6.1850000000000005,14.035714285714283,4.036666666666666,8.616666666666667,17.8025,18.7725,0
SK,Slovakia,2023,50-249,4.46,8.844999999999999,12.629285714285714,7.125,12.25,17.43,23.152500000000003,1
SK,Slovakia,2024,10-249,3.665,10.24,14.862142857142857,,13.248333333333333,20.065,15.7575,0
SK,Slovakia,2024,10-49,2.855,9.02,14.920357142857142,,12.236666666666666,19.7625,15.6975,0
SK,Slovakia,2024,50-249,7.41,15.865,15.211785714285714,,17.086666666666666,21.6625,16.485,1
SK,Slovakia,2025,10-249,4.234999999999999,17.22,14.659285714285716,10.415000000000001,5.41,18.4025,15.492500000000001,0
SK,Slovakia,2025,10-49,3.375,15.935,15.027142857142858,9.008333333333333,3.94,17.8875,16.8975,0
SK,Slovakia,2025,50-249,8.184999999999999,23.09,13.995714285714286,16.851666666666667,10.646666666666667,20.6825,11.5525,2
TR,T?rkiye,2021,10-249,0.975,2.57,,,12.033333333333333,,,0
TR,T?rkiye,2021,10-49,0.8300000000000001,2.395,,,11.67,,,0
TR,T?rkiye,2021,50-249,1.855,3.62,,,13.586666666666666,,,0
TR,T?rkiye,2023,10-249,2.1799999999999997,5.275,,1.7566666666666666,9.646666666666667,,,0
TR,T?rkiye,2023,10-49,2.0300000000000002,5.07,,1.5233333333333334,9.12,,,0
TR,T?rkiye,2023,50-249,3.08,6.515,,3.1616666666666666,12.203333333333333,,,0
TR,T?rkiye,2024,10-249,2.02,4.06,20.234285714285715,,11.37,25.0575,23.4725,1
TR,T?rkiye,2024,10-49,1.665,3.575,19.97214285714286,,11.426666666666668,25.265,23.1525,1
TR,T?rkiye,2024,50-249,4.03,6.8100000000000005,21.669642857142858,,11.450000000000001,24.4425,25.209999999999997,1
TR,T?rkiye,2025,10-249,2.7199999999999998,7.074999999999999,19.35607142857143,3.435,8.15,23.835,21.455,1
TR,T?rkiye,2025,10-49,2.54,6.654999999999999,19.380714285714287,3.051666666666667,7.973333333333333,24.0625,21.38,1
TR,T?rkiye,2025,50-249,3.76,9.46,19.356428571428573,5.631666666666668,8.983333333333333,22.872500000000002,21.965,1
